source1_entity_id	matched_entity_ids
S1-714132312	S3-625880872,S3-867809779
S1-106407869	S3-613056593,S3-585937637
S1-156285671	S2-698562391,S2-172049742,S3-788875930,S3-871416040
S1-689823050	S2-829077756,S2-212601842,S2-319486263,S2-65478038
S1-921369899	S2-181578729,S2-808920974,S2-995426671,S2-107533354,S3-285097097,S3-779830725,S3-57594330,S3-191547480
S1-481669221	S2-284602321
S1-909865979	S2-528901108,S3-699465428
S1-280204013	S2-356346814,S2-157082864,S3-363045628
S1-742053041	S2-73207920,S2-317425677
S1-913506265	S2-377106401,S3-388866191,S3-258414643
S1-479574617	S2-262582939,S2-985539429
S1-680637447	S3-261988229
S1-870190130	S2-520350664,S3-184171664,S3-153733853
S1-365170694	S2-487943573
S1-778640743	S2-933136796,S2-484690984,S2-87750197,S2-543163479,S2-944021337,S3-467616579,S3-698916948
S1-378191895	S2-746770482,S2-43518857,S2-699307206,S3-93853489,S3-761228914
S1-684974736	S3-668113792,S3-894822385
S1-750279127	
S1-209281220	S2-873605695,S3-893592109
S1-550154910	S2-475951531,S2-43467331,S2-337846909,S3-162844497
S1-897975128	
S1-704604312	S2-448044955,S2-497722920,S3-577237107,S3-7278253,S3-898208688
S1-628750886	S2-696378102,S2-406813553,S3-361673112,S3-159214046,S3-734992856
S1-714038427	S3-446799221,S3-556092751,S3-343322433
S1-426194890	S2-206924199,S2-189578510,S2-902791828,S2-12575838,S3-295497808,S3-131842585,S3-931551781
S1-122385784	S2-971113636,S2-396702445,S3-332768247
S1-540642140	S2-936954782,S3-580888173
S1-123475953	S2-803364981,S2-598519962,S2-111933971,S3-669730032,S3-577626649
S1-444801830	S3-701255667
S1-502376041	S2-551281247,S2-54256234,S2-408714071
S1-594021398	S2-815532808,S3-686916460,S3-133279691,S3-709854915
S1-261170522	S2-273959763,S2-219840370,S2-470996829,S3-422627746,S3-775890570
S1-466641145	S2-361295798,S3-652998887
S1-99245709	S2-563728223,S3-140946557,S3-539394332
S1-339015166	S2-15078231
S1-614259237	S2-567665713,S3-679231596,S3-625725294,S3-417545108
S1-385801270	S3-610756350
S1-334672926	S2-440961035,S2-11462847,S3-356701721,S3-439605350,S3-806110578,S3-882331197
S1-717749279	S2-768360552,S2-941575394,S2-161644702,S3-706217129,S3-178555200
S1-564662660	S2-596549433,S2-310193917,S2-989459301,S3-921322530,S3-703576675
S1-41643447	S2-52852294,S2-871263672,S3-567773394,S3-622841686,S3-893827785
S1-581360597	S2-360588134,S3-140202709,S3-121863057,S3-423460994
S1-946184931	
S1-244940399	S2-874696367,S2-212658896,S2-747246542,S3-882809411
S1-616465752	S2-324066161
S1-762904067	S2-677666538,S2-820698936,S3-922664596,S3-707694506
S1-261476747	S2-727487726,S2-969569602,S2-300243886,S3-255859609
S1-874436225	S3-745023010
S1-816918307	S2-627029064,S2-349475651,S3-927534099,S3-238768677
S1-52153457	S2-659968513,S3-741596121,S3-208627868
S1-867332501	S2-445393592,S3-302051180,S3-229462318
S1-969300060	S2-549617192,S3-986110458
S1-930501805	S2-898172629,S2-440187663,S2-381325188,S3-479069612,S3-870972432,S3-391330203
S1-474452362	S2-406217275
S1-802731895	S2-940583206,S2-378435714
S1-39733947	S2-804159974,S2-580478795,S3-620721706
S1-807424751	S2-259557238,S3-147561007
S1-269499779	S2-316196173
S1-574528784	S2-566724389,S3-64237512,S3-658303321,S3-294026497
S1-402621048	S2-108227741,S3-306200970,S3-982514998
S1-684202485	
S1-85238196	S3-788905252,S3-84005391
S1-569369299	S2-342223686,S2-510704576,S2-138548353,S2-862521399,S3-590336083
S1-559615219	S2-97021974,S2-859999503,S3-612659931,S3-974804834
S1-684318101	S2-601773129,S2-335057105,S2-153662054,S2-589772735,S3-162684321,S3-376522910,S3-118918213,S3-394804953,S3-493533448
S1-503487168	S2-283263592,S2-395132657,S2-247691291,S3-289438246,S3-165960672,S3-469365518
S1-967139755	S2-648800275,S2-216102849,S3-404840337,S3-570238412,S3-141979080,S3-795937311,S3-503832896
S1-983819279	S2-994783866,S3-381086524,S3-894193993
S1-577269922	S2-800580498,S2-505047958,S3-39683702
S1-87832748	S2-849305712,S2-133732812,S3-431394326
S1-295346696	S2-684650248
S1-252468250	S2-923936686,S2-860072446,S3-94299676,S3-438057111,S3-742027212,S3-876931773
S1-781801397	S2-503602736,S3-194352960
S1-669434847	S2-82988694,S2-181679408,S2-574183093,S3-752438925
S1-570053103	S2-679419246,S3-576990558,S3-48785381
S1-736469556	S2-114969173,S3-862831391
S1-483126440	S2-763575902,S3-484224228,S3-348709689,S3-892415152
S1-270951405	S2-459405474,S2-278557322,S2-384230788,S3-602086739
S1-520799361	S2-637256715,S3-928740714
S1-81033582	S2-625290267
S1-56410032	S2-649252464,S3-245297640
S1-518847572	S2-211488825,S2-260047691,S3-6215726
S1-776267063	S2-455205203
S1-35309228	S2-987901283,S2-353446484,S2-665524691,S3-453751428,S3-354225905,S3-233063199
S1-493139457	
S1-895087526	S2-152220795,S2-256367139,S2-129240365,S3-959979735,S3-519412552
S1-829126727	S2-906666146,S2-949147100,S3-481336163,S3-838499722
S1-457973373	S2-256152977,S3-200183523,S3-587289609
S1-74852342	S2-439306446,S2-619331314,S2-724758025,S2-543121965,S3-343503074,S3-738740483
S1-280936763	S2-429502844,S2-61171797,S3-582596839,S3-509379598
S1-999165514	S3-772474076,S3-441426760
S1-395055615	S2-13855453,S2-309606107,S3-242263311,S3-232538235,S3-261432985
S1-862701045	S3-704009840
S1-674871004	S2-507344364,S2-860541384,S3-567523690,S3-947248298,S3-261225013
S1-287307821	S2-610871579
S1-273768056	S2-838127786,S2-82906936,S2-763322790,S3-16275066,S3-690125736,S3-526615781,S3-197371361
S1-323395452	S2-76783549
S1-4144001	S2-98210788,S2-286059282,S3-439654644,S3-538792481
S1-512210875	S2-944342330,S2-691991634,S3-998257097,S3-968562338
S1-143287441	S2-739678362
S1-351656683	S2-788301924,S2-835954210,S3-977956594
S1-83258310	S2-527562969,S2-97347354,S3-770651045,S3-145426604
S1-126274111	S2-775330636,S2-581900957,S2-74153584,S2-609699297,S2-593149792,S3-789318535
S1-991875825	S2-415643653
S1-219350089	S2-950809230,S2-668557219,S3-563263870,S3-480193920
S1-476026008	S2-19679903,S3-766205454
S1-595583207	S2-715871670,S2-218204625,S2-248407523,S2-450570100,S2-380887137,S3-33119337,S3-542929287
S1-660977005	S2-335025186,S3-99832540,S3-500589784
S1-106130112	S3-12535090
S1-383508132	S2-241655324,S2-44875347,S2-763978983,S2-609534536,S2-331990122,S3-167909789,S3-997214536
S1-960747316	S2-517236620,S2-601693223,S3-374035710,S3-455541062,S3-22960445,S3-811911602,S3-316989129
S1-78181547	S2-644804058,S2-134528119,S2-879988106,S3-110130385,S3-166469939
S1-44674670	S2-764464367,S2-235912348,S2-962874009,S2-746241315,S3-81516060,S3-850585673
S1-712639027	S2-309210999,S2-488802015,S2-471564872,S2-750127510,S3-304334739,S3-676173763,S3-152447787
S1-875777939	S2-827660040,S3-278145035,S3-785706866,S3-921257055
S1-906720062	S2-335215418,S2-790214841,S2-135034633,S3-903112315,S3-953027677
S1-868609391	S2-716995163,S2-409220416,S2-587030502,S3-550303365
S1-842551642	
S1-977549219	S3-763929456
S1-345501851	S2-227578839
S1-465557953	S2-637035013,S2-943805485,S2-380337490,S3-972494986,S3-412396274,S3-750299649,S3-31637072
S1-548433616	S2-615586385,S2-580499195,S3-11519900,S3-504953347
S1-542615632	S2-468586306,S2-301346747,S3-31043964
S1-396150929	
S1-370806262	S2-70342307,S2-848125257,S2-311209566,S2-987494138,S2-350775005,S3-628962677
S1-149784022	S3-452287724,S3-970241343
S1-208197675	S2-549510019,S2-803059532,S2-191467698,S3-301585942
S1-621024	S2-952214786,S3-106912523
S1-479716586	S2-83078626,S2-734882510,S2-707470840,S3-450670289,S3-889770482
S1-73366741	
S1-866981273	S2-965606272,S2-904325839,S3-99688527
S1-48247433	S2-276436283,S2-129111470,S2-996505657,S3-287016964,S3-560009120,S3-707704602
S1-139090022	
S1-503254241	S2-611417535,S2-466631483,S3-352628455,S3-354938903,S3-559397696,S3-180251995
S1-102847291	S2-589528338,S2-740497225,S2-703638062,S2-761067772,S3-828172850
S1-619110488	S2-828300188,S2-898202676,S2-977035502,S3-901496276
S1-623031914	S3-718272348,S3-410114301,S3-966095524
S1-215270294	S3-732036088,S3-927236319
S1-762005078	S2-750793699,S2-864646605,S3-582060418
S1-983603694	S3-304223423,S3-261754931,S3-236864027
S1-437281614	S2-360237399,S3-392038872,S3-211369934
S1-590781135	S2-708944814,S2-388074335,S2-153075084,S3-575399418
S1-423414451	S2-157115001,S2-945322452,S2-671513240,S3-682220747,S3-242791940
S1-847114478	S2-371913441,S2-549083582,S3-31417382,S3-469034058,S3-729259453
S1-526334226	S2-711227408,S2-407589959,S3-611069625,S3-5213817,S3-477707800
S1-381894503	S2-104016432,S3-484890428,S3-719591193
S1-313092170	S2-949419776,S2-965718654,S2-789672123,S3-257078759,S3-378715208
S1-60876864	S2-615646635,S2-353045290,S2-615026580,S2-764554424,S3-694410768
S1-261642209	S2-613574387,S2-600368334,S2-964573270,S3-367004823
S1-78728267	S2-444637313,S3-768860985,S3-250187940
S1-308199161	S2-374903438,S2-112483538
S1-358927120	S2-183308021,S3-96746280,S3-271015091,S3-147802052
S1-337122273	
S1-650650055	S2-394372248,S2-454312855,S2-151082808,S3-539777331,S3-235343633,S3-644215342
S1-834257002	S2-328162293,S2-497520865,S2-329632828,S2-532696465,S2-184048617,S3-677107608
S1-937349180	S2-336491925,S3-636253579
S1-725006887	S2-89479013,S2-27864753,S2-808868738,S3-412921025,S3-497889707
S1-820730560	S2-844921308,S3-205029637,S3-156443522
S1-47803313	S2-622555098,S2-558965612,S2-484711393,S2-174159267,S3-403085969,S3-556511876,S3-438519975,S3-986269077
S1-385569722	S2-595801949,S3-913845405,S3-438309312,S3-563079953
S1-453884385	S2-551937352,S3-302762790
S1-650304466	S2-842540971,S2-947572208,S2-142780721,S2-531620956,S3-510719486,S3-724283444
S1-762839052	S2-521903677,S2-594080516,S2-614086838,S3-311688329
S1-550679918	S2-741962438,S2-804398499,S3-161648420,S3-527645230,S3-510734001
S1-659666950	S2-307523785,S3-691051828
S1-772914073	S2-311413812,S3-625980247,S3-881708523,S3-124342546
S1-860482342	S2-841825975,S2-744683107,S3-677464690,S3-353364605
S1-813052697	S2-693280862,S2-249804767,S2-815093442,S2-946231647,S3-563719645,S3-266163638,S3-546382617
S1-366528589	S2-628817632,S3-816345739,S3-692951203,S3-239459493,S3-269373616
S1-720336913	S3-611287277,S3-395941400
S1-640880009	S2-144777712,S2-998993156
S1-887500171	S2-366323201,S2-506881193,S2-70127952,S2-212873906,S3-855299293,S3-744522102,S3-229248131
S1-971996731	S2-686992599,S3-96426561,S3-637675888
S1-104317115	S2-179669776,S3-492949297,S3-661034722,S3-795760257
S1-518257638	
S1-884660527	S3-38490669,S3-763465822,S3-32149338
S1-910004085	S2-864335198,S2-27845718,S2-469704582,S2-579214899,S3-53383195
S1-591894902	S2-614338178,S3-326540337,S3-308159053
S1-142638295	S2-420700417,S2-237661324,S2-461729876,S3-869189473
S1-950720921	S2-523443947,S2-781635311,S3-350913233
S1-183285524	S2-910521705,S3-618630885
S1-714649207	S2-180891391,S2-605110430,S3-282505026,S3-951221352
S1-841168517	S2-881658089,S3-796810596
S1-819898451	S2-931592802,S3-406803097
S1-949091955	S2-398889556,S3-609791410
S1-552966879	S2-102925690,S2-757441755,S3-692112360,S3-428811585,S3-342437001,S3-645085257
S1-220057580	S2-964696089,S2-721485523,S3-11680805,S3-186230804
S1-64462728	S2-96025297,S2-958356631
S1-807938084	S2-997768195,S2-753764184
S1-693870315	S2-811518815,S2-837136038,S3-382784231,S3-913793233,S3-648884062
S1-455827432	S2-582530923,S3-978705909
S1-527611593	S2-446688351,S2-756052932,S2-793159007,S3-891188019
S1-727773972	S2-732339370,S2-564911900,S2-580801602,S2-288652138,S3-765330242,S3-965849434
S1-279446676	S2-75992472,S3-879007585
S1-918109974	S2-177946209,S3-622084470,S3-604968655,S3-579849100
S1-615018738	S2-501408343,S2-110661751,S2-693064683,S2-56543396,S3-263733579,S3-618642602
S1-666592077	S2-170510286,S2-871213880,S2-774301246,S2-545121001,S3-171273957,S3-20448301,S3-390921595
S1-509532493	S2-573996452,S2-575171623,S2-1709893,S3-138608272,S3-667383027
S1-992285010	S2-209420378,S3-823215288,S3-216741187
S1-382076507	S2-98770559,S2-994534543,S2-815604651,S3-61597037,S3-49671075
S1-185535466	S2-381918299,S2-917768056,S3-267292365,S3-729323999,S3-993799620
S1-799535694	S2-338631209,S2-897255312,S2-533198227,S3-986349796,S3-120702021
S1-598558953	S2-932444510,S3-723460337
S1-222645796	S2-802513739,S2-73658068,S3-561990506,S3-630677920,S3-127315608,S3-733557681
S1-192481319	S2-394271712,S2-4646818,S3-248807200,S3-600705293,S3-465978206
S1-413573159	S2-534874301,S3-114162357,S3-296666306
S1-782634160	S2-958316746,S2-819013607,S2-200899200,S3-435250891,S3-988838457
S1-394334841	S2-838259380,S3-321782754
S1-759762834	S2-101559240,S3-560920391
S1-653070765	S3-581396784,S3-75204848
S1-94096071	S2-403208998,S3-920819522,S3-517316373,S3-5072979
S1-682391735	
S1-559968662	S2-50618159,S2-843665295,S2-805714849,S3-47167568,S3-321970595,S3-943275086
S1-964877324	S2-44484933,S2-831798734,S2-524118055,S2-265576935,S3-839348910,S3-9720805
S1-883416047	S2-345750695,S3-818833328
S1-182458975	S2-988827186,S2-208886077,S2-526167007,S2-478735920,S3-671266959,S3-529429526
S1-339269492	S3-22377139,S3-105839883
S1-621676240	S2-84870559,S3-328434180
S1-103138354	S2-201768982,S2-970670539,S2-884898714,S3-929241215,S3-388231698,S3-531263103
S1-279963953	S2-981120565,S2-967851139,S2-74020336,S3-113718798,S3-286285734
S1-317707487	S2-164517163,S3-697187551
S1-391244573	S3-617600074,S3-522723356
S1-603458137	S2-555444595,S2-335932281,S3-240633224,S3-805929696,S3-165266489
S1-429550703	S2-40728242,S2-67903463,S2-199724877,S2-661726688,S3-413542027,S3-34732145,S3-79826289
S1-302219416	S2-877188898,S2-619281000,S3-67675008
S1-693956169	S2-260973802,S2-917179719,S3-592419390,S3-513320737,S3-202856170,S3-881912667
S1-837916944	S2-298100855,S3-904722267
S1-336786786	S2-604300347,S2-204724701,S3-657582288,S3-383999483
S1-800911534	S2-157906621,S2-344623182,S2-199446923,S2-460623120,S3-633392691,S3-398248667,S3-767038366,S3-736628485
S1-181883447	S3-448924940,S3-289476561
S1-1433093	S2-749930455,S2-694334841,S2-755635578,S3-875515257
S1-733472967	S2-646220156,S2-313610510
S1-89100953	S2-972087927
S1-848293840	S2-642789912,S2-679649998,S3-976990015,S3-270115458,S3-841358941,S3-200269765
S1-17003766	S2-526838623,S2-558972128,S2-341012712,S3-992933777,S3-834992361,S3-765571673,S3-809866468
S1-915512126	S2-519712884,S3-176140138,S3-704943458
S1-901504091	S2-667819447,S3-762554889,S3-383490660,S3-541222853,S3-309654028
S1-724741475	S2-606472999,S2-155098931,S2-762996228,S3-390632769
S1-851421910	S2-422709661,S2-228854275,S3-994781915,S3-447099211,S3-736576653,S3-532090205
S1-430298053	S2-629094404,S2-397242502,S3-977572306,S3-766866594,S3-141533889
S1-307277652	S2-546977368,S2-568956884,S3-345421349,S3-977289337
S1-503010787	S2-345146200,S2-643631810,S3-755851547
S1-520627257	S2-698342928,S3-212241484
S1-667272642	S2-361863238,S2-92922821,S2-361038008,S2-323090732,S3-288436621,S3-364905769,S3-862285464
S1-827961773	S2-614356206,S3-754125041,S3-645583583,S3-449101992,S3-666859234
S1-255349799	S2-553828428,S3-295673786
S1-418524279	S2-722100934,S2-42129313,S3-632154667
S1-661144640	S2-295716273,S2-862791934,S3-879963071,S3-339889085
S1-892745196	S2-807384967,S2-555150947,S2-676306549,S3-257444844,S3-530232127
S1-751409146	S3-864009858,S3-762215187,S3-229628380
S1-13506955	S2-730414002,S2-182444364,S2-462737651,S3-216472158,S3-359760971
S1-262020943	S2-326037526,S2-442257188,S3-68980950,S3-337711182
S1-746909581	S2-794640643,S2-558289934,S2-262382697,S3-797116062,S3-348938418
S1-481776787	S2-22325404,S3-422842423,S3-881834068
S1-870654726	S2-57124538,S2-396413206,S2-641028708,S2-787218356
S1-459183905	S2-296685026,S2-940849,S3-216123505
S1-782456413	S2-133418155
S1-687813152	S2-952007726,S2-746479652,S2-608308924,S2-696885413,S3-798873468,S3-710247440
S1-528962373	S2-323502734,S3-542715889,S3-852755304
S1-133484055	S2-211962563,S3-114874820,S3-781645205,S3-834401847
S1-784673398	S2-413804324,S2-442684553,S3-933859987,S3-72841455
S1-162954117	S2-835102949,S3-853044827,S3-724395502
S1-547053441	S2-441498593,S2-19092305,S2-791288454,S3-564509423,S3-353412449,S3-766620076
S1-302536542	S2-503398864,S3-971116668,S3-142831455,S3-494911393
S1-457601305	S2-673136247,S2-521820814,S3-880101007,S3-357355808
S1-488635826	S2-773133873,S3-734000311,S3-527798052
S1-349698918	S2-852184431,S3-5371667,S3-109887568,S3-541968
S1-72706873	S2-176187828,S2-254553616,S3-263078882,S3-490781512,S3-72404641
S1-78029452	
S1-717385838	S2-496751167,S3-552629774
S1-11379912	S2-635303118,S2-303691216,S3-680233461,S3-485744950
S1-655700316	S3-805064781,S3-839238856,S3-428223938
S1-484349079	S3-113246901,S3-640758795,S3-80095208,S3-873781473,S3-601415960
S1-595486290	S2-82408242,S2-229398976,S2-510748973,S3-689644173,S3-719628089
S1-889012090	S2-620204661,S3-334068538,S3-358512104
S1-748500004	S2-165335827,S3-249608763
S1-587404171	S2-730141595,S2-993678325,S3-146906990,S3-112184950
S1-986604838	S2-768406948,S2-423356920,S3-86396304,S3-4726789,S3-602859470,S3-948858105,S3-903634462
S1-766408899	S2-241671519,S2-698432089,S3-886695504,S3-561351663
S1-507163415	S2-955628052,S2-222304285,S2-293249103
S1-873761236	S2-599101735,S3-939439762
S1-655802552	S2-661143069,S3-494393611
S1-327983313	S2-505184940,S3-106384703
S1-77383698	S2-175969252,S3-556176569
S1-273531258	S2-122916422,S2-110682042,S2-340096467,S3-982510707
S1-772535560	S2-995299451
S1-598136304	S2-957041003,S2-607129167
S1-789788578	S2-302309969
S1-346777444	S2-896463322,S2-555447790,S2-24045126,S3-538156079,S3-619932727
S1-544222533	S2-265295530,S2-932799320,S2-331095194,S3-320690024,S3-783019269
S1-493959729	S2-794833133,S3-432925232,S3-802682983,S3-773383671,S3-728832649,S3-10104461
S1-430462466	S2-964867476,S2-873269957,S3-908111718
S1-792204527	
S1-788563249	S3-875372938,S3-868709516,S3-136073159
S1-198662647	S2-235142839,S2-264873064,S3-849257316
S1-431137009	S2-615119950,S3-383791259,S3-149023804
S1-22335277	S2-341571081
S1-291584542	S2-984555098,S2-426040361,S3-589820058
S1-556611862	S3-968651027
S1-32767080	S2-881934994,S2-341381990,S2-947904269,S3-249785537,S3-434526002,S3-762866826,S3-553223448,S3-132323777
S1-242691036	
S1-770890247	S2-609881256,S3-503784177
S1-276402071	S2-914444501,S2-212775286,S3-575609007
S1-936869465	S2-855274931,S2-876971794,S3-946660152
S1-201994316	S2-629267940,S2-9398298,S3-195593554
S1-905520099	
S1-766655509	S2-151082852,S2-324514722,S2-818146881,S2-118345329,S2-14965784,S3-968239728,S3-6967580
S1-415414688	S3-351215890,S3-654139566,S3-636208465
S1-133928599	S2-168720522
S1-871112769	
S1-948985690	S2-218345611,S2-751879798,S2-731053221,S3-435297936,S3-830433871,S3-553015227
S1-653149647	S2-771594640,S2-592481835,S2-237169429,S2-106195670,S3-654181378
S1-657251225	S2-468732405,S2-911102732,S2-594468284,S3-96939595,S3-504867016,S3-856645107,S3-709721988
S1-244474490	S2-727934623,S2-850711259,S3-706227830
S1-857992844	S2-293613144,S3-159487450,S3-782180487,S3-95051777,S3-967562460,S3-996390266
S1-197043206	S2-955766080,S2-632410359,S3-192291597,S3-777728638,S3-404963448
S1-269094403	S2-354866941,S2-372770890,S3-315835824,S3-579698598
S1-355078971	S2-535792536,S2-967043770,S2-219605461,S3-259531664,S3-775158205,S3-724587187
S1-51627651	S2-768379176,S3-986477165,S3-418649267
S1-288364156	S2-905286611,S2-650050523
S1-500222888	S2-272662038
S1-247274429	S3-526333854,S3-9265558
S1-260204874	S2-643867241,S3-753873158,S3-622057450,S3-801819397
S1-511066423	S2-33971433,S2-878661708,S2-862171882,S3-531726421,S3-832699909,S3-792983264
S1-605505884	S2-67625921,S3-96744294,S3-486634272
S1-882791035	S2-340167628,S2-563886175,S3-770174458,S3-674457549
S1-868105169	S2-294323222,S3-596477446,S3-128843418,S3-58791393
S1-764707596	S2-103486184,S3-152197289
S1-962993818	S2-306242416,S3-88886836,S3-503847549
S1-608940471	S3-630874449,S3-294522941
S1-346760887	S2-856893245,S3-626595903,S3-554217367,S3-241943445
S1-597621907	S2-948710445,S3-215349746,S3-844596953,S3-344602925
S1-36048451	S2-915387392,S2-798518207,S2-173163909,S2-421365608,S3-589715619,S3-290404222,S3-405080909,S3-134207124
S1-98985291	S2-813078766,S2-255642223,S3-562180697,S3-153400247
S1-368908513	S2-41708488,S2-156275993,S2-994590055
S1-504750404	S2-453591022,S3-768771397,S3-234941771
S1-687138169	S2-347711359,S3-802730094,S3-672052844,S3-245298540
S1-576111952	S3-58767697,S3-668880039,S3-372012280
S1-907329636	S2-539670103,S2-755138518,S2-458961697,S3-413457118,S3-735881657,S3-909939032
S1-220372723	S2-636774010,S2-133282411,S2-926164200,S2-828093962,S3-532711059,S3-615061169,S3-279850472
S1-591377734	S2-287903578,S3-473420679,S3-869085204,S3-631249460
S1-915233460	S2-312521509,S3-916903152
S1-808794467	S2-20196964,S2-28494204,S3-194019715,S3-144816318,S3-887429767
S1-119248132	S2-608592049,S2-798840309,S3-767221978,S3-989024758,S3-410239058,S3-870523767
S1-710758303	S2-583217668,S2-653826806,S2-182494628,S2-77214336,S3-538369895
S1-105001584	S2-539918232,S3-373422047
S1-382212549	S2-950810866,S3-818989239
S1-35578091	S2-812811748,S2-527248684
S1-34932143	S3-605852365,S3-443696448,S3-248641813
S1-545791724	S2-316950910,S2-59854103,S3-901018809,S3-503922152,S3-914159857
S1-869422569	S2-996492139,S3-327805350,S3-54769826,S3-556846194
S1-844617434	S2-47000789,S3-145620244
S1-488174268	S2-43588021,S3-709307418,S3-53857032,S3-596645851,S3-763522299
S1-963501196	S2-751531434,S2-497960777,S3-511383369
S1-531518308	S2-744729615,S3-992865752
S1-288588262	S2-505214118
S1-94665545	S2-156597592,S3-523271833,S3-212427522
S1-460829054	S2-460644550
S1-817207769	S2-151628700,S2-814987512,S3-341661090,S3-408502038
S1-923121813	S3-261186490
S1-937797030	S2-273199115,S2-306365270,S3-219706758,S3-823122466
S1-305324409	S2-673153688,S2-538431328,S2-2568449,S2-716339540,S3-983020230
S1-927419156	S2-566421050,S2-378284001,S2-150580394,S3-101972607,S3-259899027,S3-163766500,S3-553823533
S1-261393939	
S1-158003567	S2-752999526
S1-772204055	S2-575486031,S2-13831009,S2-54075828,S3-150953595,S3-388664178
S1-901881022	S2-829201391,S2-20821904,S2-563621915,S2-397328817
S1-958709603	S2-770345966,S2-217787070,S3-99342904
S1-864062904	S2-203377828,S2-732337462,S3-82346802,S3-985626280
S1-389115869	S2-213763261,S3-440231971,S3-723668070,S3-213014612
S1-32131273	S2-161816573,S3-37999841,S3-616094707
S1-485290093	S2-391470171,S3-582205674
S1-449015682	S3-401846060,S3-511453450
S1-273693856	S2-551402750,S2-107494313,S3-999799258
S1-216847975	S2-933614200,S2-590393272,S2-857391026,S3-745842891,S3-250695683
S1-942180728	S2-569178386,S2-242312255,S2-76417082,S3-481129684
S1-704576365	S2-261312440,S3-295120158,S3-672631699
S1-706359294	S2-662224042,S2-226249663,S2-833115076,S3-83193807
S1-688852755	S2-96119259,S2-46891731,S3-180948633,S3-656373062
S1-501963178	S2-582984232,S2-777145063,S2-908376535,S3-477051379,S3-66364849
S1-428039663	S2-300649735,S2-299350771,S2-762997974,S2-232069665,S3-139699012,S3-66134298,S3-341958184
S1-394925431	S2-301790862,S2-975551884,S3-549479398,S3-830009176,S3-828294643
S1-29387523	
S1-960221997	S3-605347652,S3-282611314,S3-2003041
S1-369896511	S2-25499314,S2-503256370,S3-237385457
S1-973133967	S3-630872867,S3-856305612
S1-957109842	S2-392770174,S2-786869610,S2-674944206,S2-895104475,S3-34191363
S1-718126154	S3-424285521,S3-756152681,S3-817104725
S1-657028371	S2-998699940,S2-891650770
S1-122221465	S2-30843954,S2-626722746,S3-290887544,S3-361144509
S1-241758739	S2-897389308,S2-569620637
S1-292853265	
S1-563412246	S2-80635030,S3-120417277,S3-86295170
S1-635915279	S2-564378421,S3-262596726,S3-743699948
S1-257953143	S2-897231044,S2-313189607,S2-140417853,S2-987201889,S3-859478382
S1-935953663	S2-175441980,S3-556211583,S3-445850071
S1-66970748	
S1-613214928	S2-602193104,S2-771376585,S3-841277006,S3-119847305,S3-69801156
S1-68168779	
S1-181117450	S2-333925993,S2-717260584,S3-839136802,S3-458100315,S3-331581607
S1-337798606	S2-745088222,S2-578647913,S2-965135806
S1-877808612	S3-637712252,S3-690283865
S1-991838189	S3-637886771
S1-415245659	S2-881342207,S3-270146427
S1-860794391	S2-737047278,S2-623800632
S1-590126941	S2-826009647,S2-649078488,S2-224325736,S2-316239802,S3-28524867,S3-219891507,S3-499959216
S1-852807313	S2-497467536
S1-643209618	S2-876959001,S3-421937674,S3-642887610
S1-581863940	S2-717056224,S2-280495673,S3-893372516,S3-757260746
S1-225821819	S2-79048222,S2-396817729,S3-128009466,S3-463570639
S1-778630887	S2-8956786,S3-683393227,S3-103392578,S3-923859275
S1-377916068	S2-85544731,S2-157594268,S2-109831975
S1-37907520	S2-644690671,S2-773931107,S3-85181581
S1-637166800	S2-961334609,S3-672609678,S3-980674923
S1-352595333	S3-850250499
S1-333194875	S2-172171876,S2-844884966,S3-363368257,S3-399657159,S3-872164839
S1-260721574	S2-940550345,S3-514415413,S3-816277976
S1-677484813	S2-686217912,S2-513585161,S3-913419135,S3-131960377
S1-568320501	S2-665104789,S2-484886496,S2-394456858,S3-624225983,S3-681563697,S3-669726840
S1-759995112	S2-832667915,S3-486246546,S3-67786041
S1-443768681	S2-337510589,S3-328796309
S1-170472252	S3-356215358
S1-311511012	S2-874954820,S3-161346028,S3-868825639
S1-224275529	
S1-427329185	S2-594138380,S2-725027059,S3-669199922
S1-417606815	
S1-488457630	S2-453978657,S2-910991104,S3-416629899,S3-495442608,S3-992668024,S3-141848681,S3-6434216
S1-818470647	S2-916383707,S2-619667608
S1-534346740	S2-567797526,S2-187716140,S3-470696189,S3-372985779,S3-410675035
S1-729626041	S2-552335943,S3-532064557,S3-936662873,S3-26527680,S3-823193070
S1-204633959	S2-558685396,S2-316618601,S3-321053165
S1-155512047	S2-551192969,S2-975542937,S2-878176240,S2-980590908,S3-512052976,S3-885697090
S1-553186193	S3-103139679,S3-517444925,S3-1202894
S1-42502314	S2-805973378,S2-791975914,S3-997439599
S1-317114355	S2-547343729,S2-605047420,S3-210426426,S3-220189324
S1-334574390	S2-728457224,S3-463294876
S1-649110450	S2-959401357,S2-41552331,S3-218837713,S3-703016194,S3-154145893
S1-533417053	S2-891850639,S3-663983412,S3-603595544
S1-152550844	S3-509245051,S3-259948008
S1-643493833	S2-460957855,S3-85298591,S3-992621756
S1-734921625	S2-395968980,S2-258649946,S3-508957147
S1-68108533	S2-693718688,S2-638829953,S3-805756321
S1-789286562	S2-135641356,S2-496571830,S3-338322650,S3-858211493
S1-493735795	S2-315173588,S2-626656210,S2-424809744,S3-959940173,S3-196105900
S1-870309113	S2-575199441,S3-192165399,S3-200795467,S3-209924997,S3-706760438,S3-907848864,S3-837581109
S1-755184527	S2-521625017,S3-648093093,S3-894213667
S1-741750910	S2-578052013,S2-346140640,S2-259968826,S2-102449220,S3-525134353,S3-350581005,S3-751629724,S3-34008163
S1-396704474	
S1-77449994	S2-439800555,S3-36626261,S3-747480626
S1-607302089	S2-172217048,S2-322362124,S3-964102148,S3-204889891,S3-673934048,S3-21573471
S1-80873383	S2-329763219,S2-814750802,S2-865167437,S3-792509030,S3-431093437,S3-992155952,S3-646665112
S1-194589041	S2-54469895,S3-702161414,S3-48865405
S1-550464269	S2-101582651,S2-412816698,S2-863734083
S1-405440827	S2-466353630,S2-855072345,S2-610883780,S2-621599688,S3-606532087,S3-519696024,S3-534206930,S3-346977332
S1-500922440	S2-101426654,S2-332841886,S2-760355699,S2-807806179,S2-164810916,S2-874380773,S3-382633033,S3-479392485,S3-375333875,S3-360140904
S1-111694025	S2-315885501,S2-256328866,S2-407284706,S2-489274274
S1-760235082	S2-659486826,S3-712615492,S3-223430735
S1-445143782	S2-690616500,S2-556544936,S2-867585785,S3-519684761
S1-17665971	S2-83505977,S3-496161403,S3-582282108
S1-131623880	S2-416518675,S2-87210509,S2-978384550,S2-748593921,S2-331509491,S3-598224989,S3-365358474
S1-453383072	S2-533274641,S2-822232776,S2-121184502,S2-383930749,S2-694584321,S2-950608775,S3-803589384,S3-371033676
S1-573827896	S2-333894886,S2-622861417,S2-839509841,S3-867855264
S1-740059747	S3-999124758
S1-979645754	S2-553813720,S2-158178824,S3-956106421,S3-631581269,S3-595302669
S1-5694837	S2-615410314,S3-91486203
S1-895155435	S2-560295438,S3-279771653
S1-552090769	S3-997452390,S3-871308262
S1-444520529	S2-603766581,S2-718766170,S2-156324323,S2-399160576,S2-982694384,S3-897997786
S1-481259122	S2-815121682,S3-744897618
S1-170318976	S3-859100872
S1-254586049	S3-866781987,S3-670468240,S3-483820078,S3-664718470,S3-104716626
S1-626957328	S2-950063647
S1-820877559	
S1-111296778	S2-799158485,S2-614173170,S3-637871505,S3-208264360
S1-847310129	S2-79340155,S2-867721467,S2-239734521,S3-933496503,S3-279528939,S3-315299900
S1-546941880	S2-465664968,S3-894349537,S3-256519954
S1-697980001	S2-453551070,S2-256337315,S2-504920500,S3-203229271
S1-338401200	S2-963952117,S2-631310959,S3-104676057,S3-252303002
S1-501819870	S2-718580383,S3-86029133,S3-123289138
S1-541668027	S2-391058869,S2-987475979,S2-322333068,S3-239202199,S3-465563371
S1-966492570	S3-318227191,S3-569451641
S1-702544592	S2-578946943,S2-733744878,S2-626067390,S3-856160330
S1-528495462	S2-383221971
S1-545863954	S2-384442003,S2-759573929,S3-178364508
S1-772195807	S2-293394835,S2-816377325,S3-947167928
S1-603731465	S2-845751315,S3-664461935,S3-743622475
S1-453539657	S2-585268205,S2-390321835,S3-623621291
S1-46249643	S2-634987820,S2-892346000,S3-782320906
S1-317928365	S2-712915475,S3-228161558,S3-703115104,S3-617354062
S1-735449543	S2-836095663,S2-466174713,S3-797335165,S3-727705269,S3-633657927,S3-593392930
S1-368898506	S2-330029272,S2-584716594,S3-605258635,S3-66904920
S1-39608811	S2-592346942,S2-257356782,S3-841843337,S3-639907728
S1-497232093	S2-975099606
S1-740176897	
S1-699373004	S2-209835331,S2-803230301,S3-899519484,S3-651042438
S1-760964613	S2-333212118,S2-799642254,S3-929746741,S3-878453173
S1-759533619	S2-71437052,S3-453475891
S1-89928972	S2-519902979,S2-398401791,S3-24238944,S3-684166249
S1-415302434	S2-773297543,S2-8286129,S2-356895067,S3-576329809
S1-397514626	S3-683176901,S3-143478814,S3-927909618
S1-603295553	S3-428577973,S3-587908342
S1-829004597	S2-769107340,S2-752745085,S2-788435779,S3-26320711
S1-340381642	S2-281500497,S2-855102414,S2-8017290,S3-665354611
S1-831508195	S2-620800823,S2-634411717,S2-312884100,S3-497292140,S3-861902047,S3-896286202,S3-351277632
S1-715029307	S2-225811478,S3-122524329,S3-741540347,S3-198439350
S1-30383410	S3-126971257
S1-267323354	S2-995783484,S3-355090287
S1-189661852	S2-484249068,S3-869708060
S1-232418369	
S1-626838100	S2-491397089,S2-360321681,S3-245904961
S1-900373432	S2-51836856,S3-844746576
S1-322014701	S2-341236819,S3-263575684
S1-714107578	S2-651375289,S2-664822511,S3-192302775
S1-923533895	S2-784805376,S3-177858687,S3-819001814,S3-930068406
S1-445155683	S3-91205950,S3-840384763
S1-70052354	S2-536279355,S2-326675720
S1-954767088	S3-229261207
S1-529469516	S2-26517926,S3-982893132
S1-650940902	S2-179932291,S2-365760528,S2-309299654,S3-277719703,S3-672977891,S3-157011805
S1-200871763	S2-34730811,S2-838622584,S3-278635123,S3-650056219,S3-306988356,S3-236014310,S3-479978323
S1-674001307	S2-55962040
S1-946578635	S2-357054735,S2-845645834,S2-255432127
S1-899271918	S2-305694683,S2-239228636,S2-643262292,S3-407406642,S3-778710270,S3-618632239,S3-230753046
S1-861020733	S3-113295693
S1-669118103	S2-165820601,S2-101544429,S2-557129215,S3-378872427
S1-473518955	S2-893756437,S3-468315195
S1-112878071	S2-573143196,S2-562303575,S3-693473930,S3-230533721
S1-387370379	S2-110649144,S2-830088198,S2-90647228,S3-607361577,S3-138292276,S3-679241762,S3-364658206
S1-591825395	S2-990482170,S3-784554592
S1-341836448	S2-135427890,S3-311795497
S1-730190320	S2-151812617,S3-418681361
S1-686724393	S2-309911578,S3-206871402
S1-884819027	S2-445942224,S2-731002082,S3-82504710,S3-952050548
S1-634733706	S2-990680851,S2-297180999,S3-205718926,S3-471454735
S1-146764860	
S1-667494116	S2-950562952,S2-831554753,S3-326480624,S3-4894483,S3-161867127
S1-644800304	S2-660311712
S1-559176480	S2-359847177
S1-670613672	S2-513585627,S2-785912245,S2-785128097,S3-611740776
S1-563834046	S2-894825160,S2-250669205,S3-783777969
S1-605344566	S2-110089267,S2-747787469,S2-310936527,S2-3752197,S3-953451980,S3-981731940,S3-80585509
S1-45476583	S2-290553057,S2-129323274,S3-510295647
S1-712193425	S2-594113934,S2-67173645,S3-353915311,S3-519340514,S3-992373966,S3-934939933
S1-426796552	S2-952501263,S2-427604059,S2-712140069,S2-117711047,S3-424921523,S3-166441420
S1-358071494	S3-231769594,S3-441387323
S1-913184147	S2-644730457,S2-936281454,S2-992416302
S1-518999749	
S1-142991774	S3-461439412,S3-467177396
S1-573105537	S2-714053121,S3-972895921,S3-916071327,S3-225967634
S1-402263041	S3-808460033,S3-753151721,S3-403260526
S1-852777299	S3-346024603
S1-817055009	S2-606582843
S1-121278089	S2-422870527,S3-727918569,S3-210197624,S3-702528466
S1-34406583	S2-683831863,S2-668405120,S3-996665390,S3-497347831,S3-657943678,S3-365071677
S1-948206127	S2-651166319,S2-709050360,S2-685122301,S3-591348952,S3-504217888
S1-793882586	S2-357415990,S2-103269848,S3-372073209,S3-519809101,S3-179293571
S1-313423382	S2-209553818,S2-596728157,S3-758899955,S3-335419412
S1-230616179	S2-241176698,S2-153505197,S2-256241077,S2-422359626,S3-712100070
S1-117946977	S2-919845914,S2-914642325,S2-769341248,S3-663512892
S1-764467216	S2-745833963,S3-892085131
S1-600671460	S2-666666336,S2-247704545,S3-185902298,S3-706963695
S1-985458663	S2-713433308,S2-133587792,S2-34198223,S3-183899399
S1-998079629	S2-210795203,S2-622430207,S3-110416886,S3-779843568,S3-685478719
S1-751723139	S2-845224599,S2-225029650,S2-890829870,S3-166177761
S1-984503844	S2-96348903,S3-927462152,S3-424503610,S3-57949054
S1-436389656	S2-287303694,S3-887609870
S1-141582671	S2-980539376,S2-275412479,S2-449504514
S1-870259303	S2-491755789,S2-354743316,S3-893929029,S3-939495175,S3-271806273
S1-202627015	S2-56486462,S2-907973339,S3-521020982,S3-212987915,S3-314308120
S1-870670114	S2-774095572,S3-548833394
S1-755329516	S3-885312046,S3-413876161,S3-918875828,S3-630328340
S1-769735105	S2-481506613,S3-68590631,S3-410226331,S3-513331917
S1-545535789	S2-952274066,S2-601390888,S3-620926611,S3-444798361
S1-255512449	S3-766384285,S3-633619185,S3-656576609,S3-755308092
S1-479368587	S2-209101791
S1-220217287	S2-569804040,S2-842939282,S2-613476177,S3-642746332
S1-445413591	
S1-307330189	S2-616374928,S2-479358890,S3-458125156
S1-576221857	S3-923674905,S3-164437729
S1-540647065	S2-777311155,S2-99517045,S3-10613273,S3-34922332
S1-985849844	S2-281054849,S2-688993279,S3-993687199
S1-129840509	S2-6620342,S3-637131637,S3-836376570
S1-738529927	S2-574195814,S2-984339199,S2-121519722,S3-929496987,S3-248012692,S3-368867783
S1-631634336	S2-170516399,S2-915571636,S2-22150614
S1-620439917	S2-416104408
S1-645673704	S2-141081902,S2-256870070,S3-102821360
S1-366906832	S2-770554644,S2-85797615,S3-172622687
S1-818450767	S2-939922394,S2-418489901,S3-281460688,S3-743710190
S1-495018313	S2-920454988,S3-938198158,S3-730245448,S3-316485408
S1-236219320	S2-415263004,S3-864368208
S1-735494336	S2-287975641,S2-380942689,S2-331245541
S1-313486473	S2-26842570,S3-674961400,S3-890649267,S3-146821749
S1-874756885	
S1-930629318	S3-789335897,S3-395824514
S1-211227284	S3-426725428
S1-665203072	S2-290678434,S2-225145222,S3-429892167,S3-776377119
S1-990859962	S2-202597808,S3-264460096,S3-670005827,S3-814266863,S3-90485422
S1-743413952	S2-112419183,S2-760852459,S3-790735617
S1-288261457	S2-952048795,S2-948481083
S1-325772170	S2-523029118,S2-445020737,S3-153792671,S3-808472306
S1-584694385	S2-799523649
S1-196930853	S2-349501090,S3-382857972,S3-533584165,S3-712188058,S3-367779605
S1-383705289	S2-942093379,S2-61720212,S2-436869419,S3-938493457,S3-9001336
S1-94503331	S2-405768245,S3-133802843,S3-51375091
S1-647575013	S2-604076739,S2-905098451,S3-4610451,S3-725227078,S3-172953494
S1-362900691	S2-794209313,S2-613902391,S2-212602077,S3-647461844,S3-443855007,S3-996645599
S1-743701929	S2-306528370,S3-448983343,S3-488865214,S3-545701014
S1-554606367	S2-199676050
S1-72057324	S3-247390892,S3-232928464
S1-537057658	S3-569907390,S3-49269246,S3-260548621
S1-863840933	S2-647674630,S3-319864576
S1-867937984	S2-651011095,S3-911379223,S3-95626956,S3-304796871
S1-517585252	S2-664919249,S3-686111828,S3-551032245
S1-843460748	S2-561464405,S3-360912298,S3-762053699
S1-495431862	S3-699657460
S1-705520087	S2-513824563,S3-346303863,S3-527457065,S3-163787434
S1-629792731	S2-316958626,S2-501776828,S2-377644871,S3-891842016,S3-18715420
S1-24190993	S2-54635056,S3-592617087,S3-384553783,S3-455532027
S1-962462371	S2-756623157,S2-330404588,S3-505730324,S3-18636980
S1-891460771	S2-546025887,S3-227599614,S3-807297765
S1-631267110	S2-953741371,S3-201115002,S3-110600913,S3-309787814,S3-326212152
S1-616328186	S3-349290189,S3-129875220,S3-776562677
S1-989458781	
S1-158427430	S2-230585443,S2-206732718,S2-508785670,S3-300030146
S1-943866501	S2-925168059,S3-916416746,S3-777185824
S1-772390233	S2-590216056,S3-798626112,S3-233621854
S1-555104163	
S1-634708855	S2-699957549,S2-736472421,S3-145972964,S3-266149496
S1-574838650	S2-492078874,S2-51215865
S1-454570944	
S1-824705510	S2-778038564,S2-132815209,S3-42519131
S1-353555145	S2-898125457,S2-533164810,S3-751401112,S3-865204287
S1-868191449	S2-818529232,S2-601608052,S3-259794781,S3-845378151
S1-207542087	S2-406825956,S2-776747495,S3-727202293,S3-84307252
S1-128224466	S2-170291994,S2-370394181,S2-556776807,S3-699769986,S3-359074651
S1-437847715	S2-456191599,S2-782841916,S3-469685468,S3-882805779
S1-175897406	S2-791702895,S2-94705321,S3-96777612
S1-836657851	S2-252573013,S2-776351050,S3-599807224,S3-776061096,S3-740141006
S1-738388422	S2-337989388,S2-248854214,S2-354305469,S3-570191416
S1-70730985	S3-822339395,S3-925230315
S1-913071720	S3-569500613,S3-272011668,S3-378611087,S3-390206103
S1-730858570	S2-384197131,S3-846560832,S3-461185502,S3-456460189
S1-890842089	S2-734011922,S2-847650678,S3-242694950,S3-19908488
S1-755841052	S2-96687083,S2-376319274,S2-503492870
S1-62406587	S2-304582557,S3-405890116
S1-945599294	S2-204871347,S2-839971658,S3-919693875,S3-527972029,S3-438244461,S3-84003580
S1-282690027	S2-527146506,S2-763273382,S3-44125147,S3-268143045
S1-119471339	S2-610058189,S2-577954883,S3-635548831
S1-612238175	S2-991713864,S3-136007903,S3-850039768,S3-912873346,S3-133085603
S1-507700514	S2-25621649
S1-507057032	S2-753761243,S2-164639923,S2-10977605,S3-997297456
S1-290658366	S2-746521577,S2-128587771,S2-951472044,S3-837234575
S1-521891133	S2-372536821,S2-325250171,S2-622087223,S3-304475015,S3-312553785,S3-278534575
S1-49325121	S2-648206193,S2-290268414,S3-631251223,S3-552201169
S1-169797977	S3-799196060
S1-44516836	S2-130746145,S3-239420158,S3-325045609,S3-466504960
S1-27176967	S2-998807650,S3-237948836,S3-846959155,S3-492408727
S1-428409415	S2-628642736,S3-509875411,S3-603598079
S1-583030458	S2-107332619,S2-148996299,S3-443962911,S3-325809144,S3-611738306,S3-263850317
S1-659886446	S2-488627753,S2-230377358,S2-361191864,S2-539893107,S2-198452244,S2-177539174,S3-814092370
S1-330401139	S2-196677657,S2-37169678
S1-928776546	S2-949408933,S3-50135345,S3-862685414
S1-79493353	S2-132199628,S2-166861806,S2-848132465,S3-716354643
S1-598644426	S2-860185261,S2-906228203,S3-520166276,S3-128896284
S1-491672580	S2-296083713,S2-292268375,S2-455121762,S3-819427724
S1-527616111	S2-575491460,S2-591343801,S2-260263864,S3-648529287,S3-507031957,S3-181877410,S3-929806417
S1-269743554	S2-729818710,S2-113436632,S3-367761629,S3-673551092
S1-737563674	S2-704667925,S2-562197905,S3-293745052,S3-505561401
S1-662097139	S2-203431069,S2-319671600,S2-589769261,S2-884772865,S3-346025949,S3-797479296,S3-541156867
S1-76227211	S2-963666454,S3-631628736
S1-754443232	S2-197612296,S2-380674790,S2-626830017,S2-233283535,S3-947730178,S3-754665463,S3-827545213
S1-541847553	S2-4524326,S3-464125372,S3-620195456,S3-703629333,S3-277575011
S1-811085440	S2-414128,S3-642020680,S3-447454851
S1-398462363	S2-463766227,S2-939195827,S3-939292226
S1-310166751	S2-539362317,S2-637983097,S2-434987856,S3-97219964
S1-258544368	S2-739109181,S3-913356693,S3-315188557
S1-29704874	
S1-71390708	S2-683733260,S2-170897003,S3-942198158
S1-522847261	S2-951851615,S2-948892543,S3-63145050
S1-209560741	S2-185614681,S3-932329519,S3-667600650
S1-76891238	S2-215541922,S2-490465449,S2-754417752,S3-238597775
S1-803723987	S2-813700539,S3-780365732,S3-572249876
S1-469837394	S2-130564125,S2-485682182,S2-320422541,S2-853240635,S3-88322401,S3-383775370
S1-262724894	S2-707553375,S2-25450988,S3-319480330,S3-423319862,S3-913294189
S1-789310261	S2-412160272,S2-551094231,S2-87926059,S2-143731890,S2-752468666,S2-651570866,S3-721160512
S1-476233101	
S1-156259591	S2-80238119
S1-148192848	S2-944535843,S3-479167307,S3-394703332
S1-253986339	S2-224102682,S2-646018702,S2-736399631
S1-613788308	S2-395796500,S3-131048553
S1-46734148	S3-720043401
S1-925888590	S2-460002560,S3-172656528,S3-127461742
S1-384391959	S2-283467012,S2-442962909,S2-935118781,S2-370305931,S3-152570382,S3-873839936,S3-712848899
S1-733058423	S3-538418349,S3-410727376,S3-127310305
S1-335922295	S2-788697479,S2-712854736,S2-171764216,S3-878548584,S3-947918475
S1-62369497	S3-684905805
S1-472029773	S2-881638451,S2-771445530,S2-126209019,S2-977682398,S3-325132291,S3-559726848
S1-379378394	S2-901543914,S3-466289518,S3-651985236
S1-802501899	S2-826869350,S3-514315894,S3-412622440
S1-404958214	S2-968961952,S2-982610738,S3-642928231,S3-893019640
S1-134964502	S2-933557091,S2-517957709,S3-793732531
S1-903680191	S2-261405605,S3-285658464
S1-746205301	S2-633143249,S3-6333652
S1-356330116	S2-72972055,S3-846763283,S3-153027663,S3-421960017
S1-897438771	S2-26248306,S2-669139066,S3-941488547
S1-216853138	S2-927137671,S3-363203365,S3-143369291,S3-852906609
S1-21010276	S2-296111658,S3-315630500
S1-411150863	
S1-721904625	S2-605664528,S3-763832523
S1-500842861	S2-574118713,S2-754685901,S3-590665163
S1-519840188	S2-78013127,S2-482485298,S2-855290619,S2-721455518,S3-788006933
S1-371172270	S3-781093288
S1-146269669	
S1-640903890	S2-809866423,S2-862948988,S2-902352932,S2-320705190,S3-703258877,S3-136131916
S1-579513223	S2-198854446,S2-162094143,S2-486700984,S2-603160919,S2-201351108,S2-938119237,S3-4595655,S3-45451390,S3-137522703,S3-611949635,S3-403791109,S3-490148586,S3-253360312,S3-377252925
S1-834059246	S2-738116475,S2-263365184,S3-709501927,S3-65458359
S1-543738021	S2-950521240,S2-212758684,S3-450549578
S1-464735932	S2-468067303,S2-803194809,S2-187125528,S2-283332418,S3-28151790,S3-318004513
S1-720494821	S2-944799468,S3-74232070,S3-262467866,S3-651768916
S1-614166527	S2-87406373,S2-988778756,S3-788404593
S1-330425761	
S1-636382711	S2-69979438,S3-692244874,S3-525793672
S1-845582955	S2-655529315,S2-247406225,S2-326413268,S2-640700015,S3-190787745,S3-170903429,S3-514199267
S1-864813407	S2-939970908,S2-731702306,S2-81286561,S3-214889573,S3-166496342,S3-128006463
S1-226835563	S2-607860468,S2-867069706,S3-770186621
S1-593083174	S2-925431322,S2-70256929,S3-927386171
S1-265308634	S2-728241874,S2-661308561,S3-498905162
S1-342524902	S2-140718647,S2-171379851,S3-734972619
S1-313657958	S3-586552250,S3-336590809
S1-761368811	S2-671757260,S2-587300328,S2-565767874,S3-448583019
S1-370040082	S2-200354794,S2-790905861
S1-30674002	S2-971567084,S2-81183557,S2-231575030,S2-897665981,S3-705715491
S1-184326040	S2-63412147,S3-26913471,S3-535398546
S1-752875458	S2-343673334,S2-201370569,S3-406764133,S3-262512777
S1-749190987	S3-995036409,S3-668924095
S1-303885393	S2-72424740,S3-336437438,S3-267881212,S3-630291944
S1-524471698	S3-847027630
S1-81401869	S2-938845361,S2-809428872,S2-137814770,S2-938808823,S2-85506947,S3-586319631
S1-600924899	S2-39385134,S3-180562678,S3-90852182,S3-701596317
S1-223740121	S2-658492644,S2-280044443,S2-488299766,S3-219397716,S3-98094500,S3-721333008
S1-497450389	S2-683837151,S3-811154074,S3-841246194
S1-951404426	
S1-677361364	S2-632168180,S2-710649780,S2-580049999,S2-153806959,S3-656438010
S1-438605996	S2-437243744,S2-456537002,S3-919405243
S1-669877826	S2-372067364,S2-841781828,S3-106777235
S1-293244964	S3-85328531,S3-638881243
S1-872080679	S2-86933812,S2-540963957,S2-180209507,S2-718703095,S3-917466950,S3-934881752
S1-578655170	S2-366350645,S2-879387329,S3-528370799,S3-960526214
S1-855309387	S2-325405392,S2-136045611,S3-201603103,S3-466083752
S1-849800146	S2-258890511,S2-757323825,S2-742061876,S3-154978895,S3-153492696,S3-228825870,S3-424207628
S1-950006929	S2-10124068,S3-844956483,S3-734544839
S1-477543769	S2-601501060,S3-273398006,S3-773212172,S3-392584938
S1-533947051	S3-630485988
S1-689992280	S2-875754816,S2-211558911,S2-565722774,S3-741853259
S1-827116132	S3-693759955,S3-125694775
S1-130033627	S2-354620369,S2-768046589
S1-200328362	S2-722016423,S3-410256963,S3-25609598
S1-822365624	S2-976965955
S1-973488776	S2-896143076,S2-331875148,S3-895757711
S1-13451015	S2-594361330,S3-833167002,S3-142539665,S3-395168751
S1-618510970	S2-594160243,S2-866641098,S3-126825632
S1-452851960	S2-994166612,S3-397814546,S3-990591644
S1-725672126	S2-550315638,S2-773741389,S2-867414471,S3-253693045,S3-632481830
S1-371215032	S2-259824650,S2-184615466,S3-152625129
S1-880149151	S2-107893185,S2-387182334,S2-414371458
S1-704316296	S2-889094691,S2-360675610,S2-708234279,S3-3194259
S1-491775540	S2-641047503,S2-184990526,S3-997527359
S1-503016984	S2-771310167,S2-18093254,S3-639322218,S3-412919609
S1-446731231	S2-329368089,S2-119736157,S3-537033624,S3-396999680,S3-586745286,S3-59344919,S3-137276548
S1-908289013	S2-242377446,S3-458990562,S3-683197953
S1-450337428	S2-954706165,S2-574455957,S3-764964255,S3-406435835,S3-722440900,S3-469642118,S3-450620976
S1-29596643	S2-136461683,S2-257557226
S1-601561210	S2-150783646,S2-233269551,S2-393973248,S2-550503300,S3-956226709
S1-597171150	S2-852206551,S3-656504297,S3-228142620
S1-754410830	S2-861048128,S2-931055519,S3-723710996,S3-475957900
S1-995936163	S2-784556413,S2-366970567,S2-794309165,S3-634698587,S3-802461373
S1-990991704	S2-541069016
S1-52033338	S2-746208316,S2-464384194,S2-787924943,S3-707790277,S3-115458630,S3-319748046
S1-717480913	S2-568621810,S2-564474227,S2-868814399
S1-699194125	S2-987382970,S2-233939017,S3-111325422,S3-971144719
S1-685163224	S2-791282314,S2-500676341,S2-178120123,S3-924059082,S3-991951268,S3-396382028
S1-185787384	S3-833779003,S3-383192789,S3-792655822
S1-263986904	S2-15955960,S3-183040842
S1-109940605	S2-119326035,S2-664624539,S3-331580529,S3-327717468,S3-488589484,S3-947165787,S3-616749167
S1-109569754	S2-551212959,S2-628060728,S2-67808628,S3-131814953,S3-48915147,S3-347961175
S1-161663716	S2-50395656,S3-621042579
S1-162695461	
S1-648022940	S2-469981947,S2-810448214,S3-980111933,S3-953161217,S3-799573268,S3-823710123
S1-807531920	S2-9284804,S3-527086982,S3-211547251
S1-622031313	S2-590271793,S3-315228752
S1-147548498	
S1-26628666	S2-853195812,S2-657025003,S3-219918523,S3-635953835
S1-240414034	S2-334267253,S3-383492855
S1-377471644	S2-96739947,S3-106044742,S3-835622399
S1-795051867	
S1-518221826	S2-35779504,S2-244071223,S2-755763824,S3-519534808
S1-569486927	S2-825084090,S2-399282117,S3-186623863
S1-788480541	S2-542365816,S2-606477731,S2-945279843,S2-518905841,S3-166635413
S1-650931728	S2-662241113,S3-362323758
S1-949970105	S2-348250245,S3-90477790,S3-81810915
S1-224442543	S2-314201561,S2-200567587,S3-478128761,S3-121558902,S3-640882566
S1-262086042	S2-325956139,S2-702736058,S2-942487517,S3-563466553
S1-539063080	S2-550406141,S3-756490712,S3-846387747,S3-882729031,S3-210774198
S1-758070549	S2-141395410,S3-307632812
S1-102067063	S2-357172381,S3-281438714
S1-232798487	S3-859179571
S1-105827392	S2-517494244,S2-179405645,S2-782797861,S2-87760868,S2-639948028,S3-887977648,S3-777340329
S1-906803032	S2-826958267,S2-104551846
S1-42258623	S2-486211996,S2-137175214,S3-191295606,S3-945527557
S1-578070457	S2-376462529,S3-294311434,S3-155303835
S1-179448674	S2-303550844,S2-671215621,S3-151094605,S3-914736234,S3-884026252
S1-377942865	S2-49715445
S1-117124656	S2-273609983,S2-748511003,S2-715634936,S3-305111733
S1-993829678	S2-420016120,S2-769571546,S3-180776940
S1-170883326	S2-22761429,S2-635063335,S2-485057790,S3-29987568,S3-525083607,S3-268429616
S1-966166665	S2-525418983,S2-400147630,S2-942209677,S3-652537373,S3-220340768
S1-168402024	S3-284046171,S3-152839170
S1-432612382	S2-968883222,S2-835715074,S2-859395228,S2-275802745,S2-706198879,S2-783613714,S2-522728549,S3-950458523,S3-5210369,S3-844872054
S1-106694036	S2-519448849,S3-642397178
S1-860696171	S2-76255262,S2-536037645,S2-566854421,S2-179035078,S3-135093994,S3-571593004
S1-947779057	S2-186865114,S3-958089258,S3-3532457,S3-54066974
S1-478187960	
S1-901582927	S2-506768218,S3-791336529,S3-552737308,S3-116874475
S1-903791016	S2-619748967,S2-314493753,S3-179758198
S1-11483643	S2-706360818,S3-946638461,S3-929946752
S1-347810367	S2-427964956,S3-408638839,S3-2965120
S1-557169552	S2-985380205,S2-929544093,S2-788920987,S3-224345630,S3-694016053
S1-618760923	
S1-342769339	S2-235620361,S2-952719773,S3-100859612,S3-593411449,S3-177683130
S1-533988643	S2-92851629,S2-6134152,S3-961540779
S1-683869141	S2-397392336,S2-357309039,S2-341733311,S3-736735912,S3-904835843
S1-293619205	S2-447500848,S2-647044577
S1-896292297	S2-676205298,S3-270253878
S1-926971348	S2-390350294,S2-780618536,S2-585844269,S2-224930840,S3-108674023,S3-214720915
S1-329066163	S2-234933575,S2-503090374,S2-441135875,S3-303197693
S1-658544337	S2-809038162,S3-359181566,S3-668564980,S3-775202695
S1-137870529	S3-587236626
S1-486008614	S2-982956363,S2-932120146,S2-31083507,S3-805574283
S1-935841397	
S1-326846186	S2-137397149,S2-635602608,S3-438011062,S3-689813159,S3-399285050,S3-233883766,S3-665999377
S1-711330965	S2-989980643,S2-32346515,S2-900320688,S2-450373904,S3-644682304,S3-768718329
S1-722405675	S2-800485802,S3-71413445,S3-227661280,S3-980957692,S3-252994181
S1-463287529	S2-567130175,S2-682101178,S2-835421500,S2-585424361,S3-852581654,S3-345006832,S3-365700497
S1-149411806	S2-728627946,S3-659040496,S3-472200104
S1-541361289	S2-676653244,S2-368587285,S3-123833795,S3-661614653,S3-575630421
S1-977429262	S2-80813200,S2-604123258,S2-851874873,S3-416374045
S1-11172779	S2-485253157,S2-141803548,S3-501655054
S1-350174317	
S1-279892562	S2-320745986,S3-538984054
S1-822292739	S2-410858650,S2-545118007,S2-805852125,S3-728361081,S3-646908648
S1-272127430	
S1-667764898	S2-83740665,S2-67091173,S3-344979416,S3-567299923,S3-44814561
S1-581382815	S2-61319056,S2-195222749,S2-171881645,S3-344112218
S1-473952711	S2-982596046,S3-342807244
S1-221315364	S3-352231951
S1-250931789	S2-297683064,S3-200124289,S3-255386124,S3-4604707,S3-870553450
S1-598934460	S2-869410128,S2-915824116,S2-221560155,S2-990655460,S2-913325366,S3-51805508,S3-478050976,S3-592572841
S1-584697437	S2-942646919,S2-145632631,S2-251500821,S3-139345857,S3-699867926
S1-405602194	S2-504907221,S2-188423769,S3-897523996
S1-608664540	S2-279866645,S3-753331718,S3-46260901,S3-967066725
S1-84451840	S3-412687348,S3-452814698
S1-167638623	S2-407365915,S2-338326265,S3-970761312,S3-774873177,S3-458281144,S3-880487485
S1-956897563	S2-343706403,S3-205219035
S1-729467781	S2-656934262,S2-835409297,S2-153218257,S2-902514914,S2-606128538,S3-853762847
S1-80773469	S2-429819493,S2-402517287,S3-771895116,S3-160058942,S3-132664075,S3-85290449
S1-513599911	S2-922373960,S2-723063286,S2-349722693,S2-903938991,S3-499529172,S3-311720533,S3-263113352
S1-533522938	S2-422821371,S3-785749666,S3-447923876
S1-581757578	S2-664940580,S2-16870152,S2-209156717,S3-84411421
S1-657558693	S2-386313355
S1-402494925	S2-109591901,S3-162734379,S3-606940916,S3-540695178,S3-118992027,S3-593523688,S3-214392429
S1-387016214	S2-162670424,S3-599363597,S3-880377667
S1-266555379	S2-68320231,S3-470118490,S3-975391065
S1-669776689	S2-884317867,S3-495575651,S3-282799643
S1-225034106	S2-466630089,S2-613540538,S3-756899198
S1-751033619	S2-878641562
S1-976424391	
S1-519677292	S2-355759260,S2-286924108,S3-60592553,S3-327742420
S1-443534708	S2-973022299,S3-626930124,S3-479276420
S1-382169090	S2-686536301,S2-671058356,S2-995829620,S3-435268829,S3-12690867
S1-790517362	S2-998386490,S2-363898107
S1-880615423	S3-156056641,S3-9227717,S3-686532744,S3-612644897
S1-449179193	S2-363547199,S3-720629564
S1-48180936	S2-495786890
S1-427642601	S3-541963415
S1-912943762	S2-655401635,S2-304587486,S3-861726710,S3-909182762
S1-671491624	S3-252426150,S3-459937581
S1-55716966	S2-67046058,S3-409569947
S1-98549181	S2-586899420,S2-240521209,S2-854294190,S3-3843630,S3-512221858,S3-237219664
S1-815606753	S2-53077670,S2-632563639,S2-297668160,S2-188983962,S2-929152054,S2-817454220,S2-687559286,S3-442558847,S3-246485120,S3-607597631
S1-407721399	S2-574194706,S2-356029080,S2-224725502,S3-698222925,S3-362827557,S3-57700056
S1-796461188	S2-575081886,S2-609495812,S3-483224574
S1-959883069	S2-615526201,S3-517116339,S3-719485234
S1-166391907	S2-901482866,S2-424218928,S2-59793603
S1-726276781	S2-441456867,S2-608234908,S2-940506859,S3-72081782,S3-354134670,S3-521254480,S3-313248987
S1-120806394	S2-578210575,S2-768620537,S3-922028184,S3-692123906
S1-391836868	S2-498420659,S2-910918779,S2-267527267,S3-744333732,S3-33226276,S3-284245066
S1-200079725	S2-561895616,S2-419074899,S2-18812099,S3-492438082,S3-905978258
S1-765276200	S2-930394437,S2-83952182,S3-878729460,S3-266268724,S3-288004372,S3-350043085,S3-915176624
S1-899317092	S3-751418656
S1-775310986	S2-680580188,S2-319689766,S3-172253783,S3-741392143
S1-305472241	S2-754872831,S2-583567562,S2-424172735,S2-589163947,S3-160713078,S3-639490618
S1-865063383	S2-516495754,S3-550346279
S1-264694687	S2-460722696,S2-63705596,S3-243933528,S3-724878495,S3-763121272
S1-526715015	S2-86943486,S3-675778260
S1-299047552	
S1-983022047	S2-38145380,S2-691487543,S3-626620494,S3-586188414,S3-757450407,S3-714810251
S1-864843313	S2-312856786,S2-816159863,S3-760309210,S3-137127517
S1-301477237	S2-569926722,S2-314962734
S1-673136886	S2-679133017,S2-502130586,S3-204540064
S1-230813348	S2-957805357
S1-404917346	S2-540923550,S2-750857453,S2-442727764,S3-832508168,S3-625114581,S3-233499390,S3-594038231
S1-672593972	S2-183123910,S2-854044675,S2-227896343,S2-438523405,S3-918708483,S3-851057737
S1-541465582	S2-211306217,S2-720497519,S2-133718208,S3-834913116
S1-703209922	S2-790554646,S2-37389388,S2-365461439,S2-49543265,S3-370191665
S1-985578465	S2-139509725,S2-384117950,S3-90402789
S1-602902072	S2-870283607
S1-487057151	S2-785914648,S2-476993899,S3-302508124,S3-31770376
S1-736800651	S2-691762250,S2-101547600,S2-44235967,S2-66043501,S3-200466431,S3-843629880,S3-711655000
S1-935703327	S2-130147955,S3-49039239,S3-985125078
S1-308849584	S2-107792556,S3-662534378,S3-342447307,S3-911948966
S1-61384671	S3-111875584,S3-579622600
S1-852148273	S2-953178347,S3-815425760,S3-966266387
S1-787461836	S2-69522069,S2-95758126,S2-419987195,S2-4288004
S1-629887537	S2-347423386,S2-857224554,S2-401918355,S2-265036308
S1-71595254	S2-318621573,S2-47989528,S2-598803180,S3-81258170,S3-959788930,S3-751011730
S1-140373393	S2-655282381,S3-873242765,S3-758007664
S1-712418507	S2-734256561,S3-719593440
S1-515072958	S2-192790494,S2-27498031,S2-857656604,S2-77042125,S3-83592248,S3-562330036
S1-197280203	S2-635823871,S2-233896024,S2-316828613,S2-549764686,S2-674933838,S2-612039318,S3-412498514
S1-794806928	S2-956268185,S2-69968390,S3-852547382
S1-195675964	S2-601942475,S2-596061199,S2-79038929,S2-527949776,S3-306293324,S3-694725841
S1-245620451	S2-310723739,S2-697870384,S2-401019933,S3-674696049,S3-499796112,S3-869727643
S1-402387176	S3-367395158,S3-443876030,S3-856147141
S1-218107486	S2-759808290,S2-500744570,S2-449088274,S2-896681409,S3-508268888,S3-84516455
S1-899593553	S2-718689834,S3-693414246,S3-544446296,S3-308121546,S3-934549146
S1-103648967	S2-562614366,S3-262863768
S1-186871220	S2-949165624,S2-581270995
S1-856200540	S2-210749977,S3-776756891
S1-952064431	S2-134825714
S1-15967051	S2-817556800
S1-499785692	S2-198866483
S1-954789288	S2-580357277,S2-132561405
S1-543400611	S2-866709419,S2-587548988,S2-827383035,S3-494308528
S1-552047258	S2-12791613,S2-980569997,S2-67380924,S3-428514109,S3-904790066,S3-80445728
S1-654184515	S3-727553611,S3-317023325
S1-276858394	S3-795106501
S1-533888847	S2-763711714,S3-580246735,S3-128771145
S1-323057996	S2-658616975,S3-394271549,S3-413041401,S3-403101383,S3-310997048
S1-320086079	S2-65208722,S2-825912921,S2-500744372,S3-593943273,S3-502715593,S3-168741587
S1-855616906	S2-642811796,S2-81359118,S2-752426483,S3-898540106,S3-732141319,S3-132993490
S1-744754397	S2-312033138,S3-723527328,S3-513957230
S1-152508801	S3-862356466,S3-102852571,S3-532731179
S1-307615125	S2-30419437,S2-47877274,S3-841161709,S3-581938595
S1-143536197	S2-284894971,S2-287884254,S2-876429235,S3-207182797,S3-635092003,S3-630223889
S1-618419675	S3-81971153,S3-178206706,S3-396399117,S3-911538155
S1-259620026	S2-807337566,S3-679969178,S3-545221174
S1-584838253	S2-855712738,S3-40704067,S3-878153677,S3-107218932
S1-39575732	S2-100181112,S2-133583268
S1-692949559	S2-770667677,S2-519748104,S2-140601706,S3-24622475,S3-272587052,S3-535666442
S1-777929094	S2-56758149,S3-27489952,S3-225310115,S3-205000175
S1-31931266	S2-648872469,S3-265514246,S3-941946597
S1-337081657	S2-648438260,S3-449694576
S1-478404464	S3-118991403
S1-916370847	S2-571700211,S2-551906016,S3-63753451,S3-600376778
S1-373387246	S2-52734457,S2-168372616,S2-186451971,S3-110236940,S3-959313455
S1-769814533	S2-370334390,S3-75286254
S1-423303116	S2-348771999,S2-415593439,S2-679028686,S2-728810795,S2-555561596,S2-547846724,S2-738785346,S2-985128408,S3-770301519,S3-143856842,S3-43957066,S3-104737230
S1-765122448	S2-291951298,S2-41951784,S3-320090764
S1-143143410	S2-852154557,S2-209258201,S3-472914593,S3-923060750
S1-45193124	
S1-957659829	S2-6318738,S2-707045894,S3-899924096
S1-783895442	S2-643864721,S2-530055302,S2-690594785,S3-827485533,S3-890671576,S3-689256824
S1-241194969	S2-936282358
S1-906946241	S2-944245377,S3-436122582,S3-620459937,S3-763658961
S1-660027440	S2-773501319,S3-82564698,S3-330517232,S3-371678880,S3-845975647
S1-461670379	S2-759995775,S2-392630240,S3-995260422
S1-985740908	S2-351758526,S2-708828834
S1-870743390	
S1-575174642	S2-92323907,S2-130050780,S2-112719774,S2-336097483,S3-690452252,S3-555925178
S1-828526849	S2-832686081,S3-441348245,S3-336961706,S3-991823815
S1-670774972	S2-75594451,S2-875959589,S3-671987782,S3-100662035,S3-504175153,S3-151430435,S3-149512927
S1-222836798	S2-423041157,S2-690569624,S2-298214087,S2-965521247,S3-27424026,S3-493487022,S3-779132331,S3-993019382
S1-941927098	S2-342345469,S3-721301773,S3-962332856,S3-94289489,S3-780107698
S1-36050400	S2-326895948,S2-965498856,S3-831186136,S3-362041243
S1-480447397	S2-313329293,S3-750825694
S1-810784492	S2-106631099,S3-403362497
S1-311974093	S2-645508022,S2-187841044,S2-492365356,S2-927648140,S3-829599479,S3-871819463
S1-59070872	S2-666550491,S2-895657665,S3-775862459,S3-891118755,S3-173552811
S1-226072612	S2-315318732,S2-25407406,S2-581710799,S3-306917068,S3-731335463,S3-286513053
S1-142032781	
S1-45340570	S2-358847151,S2-382041973,S2-96056366,S3-253379044
S1-917054737	S2-317498395,S2-121218781,S3-773665440,S3-467282938,S3-340086735,S3-269961188
S1-740535429	S2-662481010,S2-481854013,S3-204412411,S3-799074989
S1-547382550	S2-264562735,S2-734070520,S3-417915029,S3-174881820
S1-705324532	S2-590680320,S2-23501635,S3-795164347,S3-555336504
S1-754493357	
S1-831250685	S2-851425346,S2-797032719,S2-840265634,S3-977011329,S3-341911790,S3-604347133
S1-522913763	S2-919410954,S3-287596947,S3-628286939,S3-784213896
S1-934216469	S2-457771032,S2-115114446
S1-860733442	S3-539812377,S3-752239653
S1-750661182	S2-665448008
S1-881055954	S2-320217049,S3-228952130
S1-514613275	S3-616310887
S1-914583493	S2-171844179,S2-876348838,S3-234495560
S1-607890592	S2-105751184,S2-926188195,S3-895878517,S3-186891008,S3-301682044
S1-123576263	S2-93820178
S1-351949258	S2-965398157,S2-867797869,S2-651079194,S3-344737943,S3-269656666,S3-290883964,S3-114881667
S1-652287609	S2-490373787,S2-983685526,S2-671908713,S3-316144422,S3-282949799
S1-975538421	S2-837142304,S2-409048801,S2-457726992,S3-42715767
S1-399652471	S2-945886881,S3-193263176
S1-489820330	S3-94800936
S1-459265885	S2-760136688,S3-458120166,S3-100086540
S1-329065638	S2-368330152,S3-655200386,S3-91409109
S1-325974220	S3-127528366,S3-748295061,S3-831625184
S1-293122678	S3-249861972
S1-406820024	S2-350171086,S3-757624330,S3-603844532
S1-677625506	S2-79508209,S2-522244534,S3-673963824,S3-287662478
S1-146164660	S2-576190118,S2-678770694,S3-344554977,S3-191986502,S3-68079473
S1-446660894	S2-147352064,S2-258012265,S2-655658485,S2-993477876,S3-892991858,S3-604114564,S3-17172077
S1-720831376	S2-884807252,S2-480572210,S2-494319724,S3-215277739,S3-649264856
S1-322970668	S2-553424660,S3-208981346,S3-740201580
S1-603512987	S3-668208137,S3-16456175
S1-515708142	S2-881423085,S2-436735977,S3-907610273,S3-831049334,S3-642810398,S3-521339806
S1-621619027	S2-75047229,S2-836807184,S2-800536667,S3-890593829
S1-571678867	S2-561765831,S2-890124728,S3-433975233
S1-475434066	S2-503684347,S3-333706642,S3-208875726
S1-44832721	S2-195620002,S3-897210278,S3-767744695,S3-409013469
S1-73643688	
S1-389829785	S2-650864927,S3-774812920
S1-908708575	
S1-407373690	S2-134720663,S3-811672873,S3-20289290,S3-920835862,S3-848665387
S1-129487038	S3-626500518
S1-757768634	S3-687119469,S3-682608695,S3-665314454,S3-903953614,S3-325570050
S1-443842458	S2-926133163,S2-745067669,S3-324206369,S3-722231528
S1-906302489	S2-260949982,S3-690603607
S1-836337159	S2-326541582,S2-263553209,S3-924292498,S3-65921984,S3-55871046
S1-317432810	S2-3997564,S2-184949210,S2-916908416,S2-977506425,S2-388546781
S1-29676446	S2-301332274,S3-212600677,S3-299535241,S3-226288477,S3-801513119,S3-756147810
S1-641733504	S2-588527698,S2-765699667,S3-491956617,S3-421342079
S1-628264763	S3-914648689
S1-617326546	S2-96059489,S3-901378601,S3-572048772,S3-762771825,S3-351299059
S1-134212823	S3-257106741,S3-140045716
S1-563052726	S2-271971365
S1-468536106	S2-71849770,S2-41945157,S3-251879078
S1-14173735	S2-268088559,S3-715062536,S3-704499446,S3-475105538
S1-332647251	S2-827797937,S2-284101966,S2-831870721,S3-973794840
S1-217957750	S2-52234344
S1-990121956	S2-881650591,S2-523419701,S3-236505526,S3-719193741,S3-131084003
S1-73778505	S2-643961384
S1-505499864	S2-805692217,S2-174561259,S2-344006358,S3-335246852,S3-577979653,S3-990120068
S1-220921987	S2-86557848,S2-442725472,S2-79640559,S3-885817023,S3-643370688
S1-930793828	S2-634504293,S2-660224363,S2-110326935,S3-338130652
S1-92777166	S2-989422437,S3-398898032,S3-103012532,S3-924656200
S1-694526898	S2-934572236,S2-860915570,S3-629718548
S1-767699511	S2-444219280,S2-212675246,S2-251733232,S3-862408118
S1-728529555	S2-173481395,S3-763025592,S3-347333714,S3-269420027,S3-813172798,S3-929129965
S1-638128832	S2-80240581,S2-242951198,S3-785287972
S1-403810741	S2-725854925,S2-191488257,S3-659711372
S1-733594883	S2-853920566,S2-623331990,S2-402139942,S2-263055377,S3-561567692,S3-420810236,S3-861583186
S1-562491304	S2-8536610,S2-767345839,S3-430879921,S3-684792195,S3-149522770,S3-128488034,S3-933385400
S1-491136206	S2-741478394,S2-286866764,S2-628716221,S3-280773635,S3-854796313,S3-859870279,S3-228983668
S1-201112839	S2-964520189,S2-328446889,S2-719594561,S2-226854636,S3-930531923,S3-163765310,S3-469057718
S1-750513522	S2-855880477,S2-349472234,S3-788427604,S3-406123795,S3-443007804
S1-665694632	S2-208479939,S2-495724545,S3-105329906,S3-797443117,S3-771939332
S1-845833663	S2-109459577,S2-71472286,S3-39653180
S1-658355065	S2-138197386,S2-30762152,S2-211847000,S3-830684429
S1-596614047	S2-924573550,S2-787592144,S3-835564839,S3-395568034
S1-592294131	S2-953159478,S2-856599672,S3-752731158,S3-251940219
S1-437062378	S2-911837769,S3-892391745,S3-19792769,S3-433905111
S1-1120102	S2-622263650,S2-357401062,S2-645425178,S3-971212463
S1-463400859	S2-161962588,S3-797904936,S3-634003662,S3-509725530,S3-362321266
S1-40438195	S2-548816659,S2-831245461,S3-634614582,S3-363553644,S3-386863220
S1-492055681	S2-33718651,S2-13730299,S2-993423759,S2-490199648,S3-173695263,S3-426086623
S1-249155369	S2-522771996,S2-124759993,S2-713948769,S3-15476336
S1-932632094	S2-529780706,S2-371856281,S3-472378981,S3-923937042
S1-840718013	S2-230217132,S2-166196566,S2-600954723,S3-507536927,S3-611378794,S3-645198750,S3-504506079
S1-689634385	S2-333178655,S2-839608622,S3-214965480,S3-617228392
S1-639390518	S3-658071145
S1-807232527	S2-582649227,S3-55687785,S3-985792435
S1-5308195	S3-516774754
S1-218103420	S2-307212798,S3-226332935,S3-80270605,S3-796853799,S3-768096284
S1-913516047	S2-816417514,S3-410596309
S1-586291714	S2-76797336,S3-145858782
S1-498309017	S2-603380439,S2-85219008,S3-556113228,S3-961511757
S1-514230893	S2-857074711,S3-2120306,S3-151608514
S1-716604051	S2-102289252,S2-21411481,S2-491837368,S2-913009142,S3-972450823
S1-346872030	S2-196049705,S2-228239238,S2-46796817,S3-405970465,S3-767612910,S3-52688538,S3-158404660
S1-146867417	S2-834421750,S2-98084992,S3-208946677,S3-157848966
S1-482094020	S2-148631701,S2-886732364,S2-774943289
S1-220887760	S2-705045343,S2-365061730,S2-927297565,S2-207609503,S3-845197507
S1-26046875	S2-717024971,S2-610674674,S2-691624059,S3-136777283
S1-755938174	S2-931835277,S3-736500731,S3-518639840,S3-858668420
S1-282307218	S2-257388036,S2-884315810,S2-538103345,S3-819041401,S3-269052056
S1-17075718	S2-220537863,S3-521722766,S3-416480600,S3-735079319
S1-477481289	S3-670281207
S1-883034077	S2-464624267,S3-652861204,S3-873065782
S1-460394558	S2-586119601,S3-168521685
S1-938790742	S2-103832499,S2-406346837,S2-107909305,S2-145340420,S2-501911421,S2-49828860,S2-486810378,S3-128275536,S3-725321823,S3-862979419,S3-468658740
S1-53078701	
S1-440988123	S2-937125335,S2-132872359,S2-13019061,S3-842944152,S3-389708128
S1-903289741	S2-999293955,S3-580983056,S3-788419509,S3-358631831
S1-289522425	S2-674398957,S3-322117244
S1-980287383	S2-288327850,S2-204029666,S3-759973738,S3-286026571
S1-307993358	S2-639533592,S2-71806361,S2-174223349,S3-137226087,S3-998394577,S3-534394725
S1-924082974	S2-647117281,S2-589446763,S3-971788702,S3-343273649
S1-581219602	S2-596967642,S2-204013384,S2-801386548
S1-667108166	S2-667198498,S2-575463433
S1-307875866	S2-188604362,S2-848540098,S2-683208152,S3-535828258,S3-399713157
S1-100460794	S2-538865395,S3-520141525
S1-248613636	S2-168197133,S2-565291333,S3-525896203,S3-983841140
S1-786664553	S2-699219403,S2-865211961,S2-279622128,S3-178667784,S3-193470631
S1-344144068	S2-563295157
S1-126953632	S2-561566780,S2-503671561,S3-504978603
S1-557370412	
S1-616686159	S2-354012592,S2-513400302,S3-112565237
S1-276052128	S2-910639766,S2-648770959,S3-507025623,S3-867492533
S1-764083611	S2-888260616,S2-762436150,S3-187738004
S1-133831982	S2-947752524,S2-878673091,S2-598506938
S1-165612846	S2-531978187,S2-280609751,S2-985373281,S2-121832781,S3-753712133,S3-555912590
S1-7803700	S2-663524302,S2-866683163,S3-81086300,S3-558491363
S1-807068045	S2-218878,S2-736523489,S2-922157150
S1-804329115	S2-540574804,S3-408153202,S3-608215794
S1-424447492	S2-696979482,S3-704616586,S3-40770551,S3-613624832
S1-830121570	S2-811178675,S3-70040075,S3-293868520,S3-53589716
S1-497960353	S2-465656905,S2-536300893,S2-735874620
S1-447171342	S2-290225952,S2-313846676,S2-631634143,S3-48907276,S3-913774466,S3-230836165
S1-329937523	S2-551698898,S2-438058831,S3-999003794,S3-706295071
S1-774138226	S2-896569751,S2-329702314,S3-648846157,S3-929550886,S3-604482893
S1-177637478	S2-687634578,S3-491689281
S1-995838881	S2-577492798
S1-590056143	S2-481754236,S2-96255367,S2-334440631,S3-698287625,S3-958468130
S1-318087936	S2-168591095,S2-629369446,S3-602463642,S3-299004358
S1-763454556	S2-715458463,S2-443486850,S3-239753747,S3-476659915
S1-549228388	
S1-112241089	S2-795087130,S2-396389039,S2-37150890,S3-205469889,S3-561458989
S1-423038111	S2-33528422,S2-323382718,S3-839224621,S3-377312563,S3-866751382
S1-534989528	S3-778145044
S1-593270583	S2-497439041,S2-576527697,S2-189540381,S3-92940992,S3-449703143
S1-693931224	S3-278934159,S3-199118917,S3-580370096,S3-808078737
S1-767389281	S2-440861982,S2-942871766,S2-98735607,S3-764556365,S3-577557509
S1-813569355	S2-929695712
S1-693124776	S2-567218405,S2-603603896,S3-794635865
S1-720044635	S2-799010933,S2-771238559,S2-569193410,S3-675433660,S3-381117332
S1-733290007	S2-28829926,S3-219983709
S1-228133926	S2-130727067,S2-810627514,S3-557442884,S3-505947149,S3-461393043
S1-558861915	S2-659597793,S3-994840303,S3-99630440,S3-667343091
S1-669279083	S2-735492149,S3-109430574,S3-925423792,S3-606133591
S1-488514818	S2-810281019,S2-152858124,S3-76986676,S3-105521106
S1-196777004	S2-457001132
S1-412875621	S3-846886535
S1-580637198	S3-964951478
S1-673481371	S2-226689138,S3-112512457,S3-79073113
S1-937846636	S2-524347287,S2-280619584,S3-303236785
S1-145220794	S2-96499742,S2-474540267,S2-847333905,S2-485528408,S3-888945890
S1-251011052	S2-540743379,S2-483000216,S2-731886685,S3-499411357,S3-479298953
S1-489782023	S2-916896200
S1-370245336	S2-932074372,S2-993608776,S2-669661122,S3-782295350
S1-237941811	S2-955418837,S3-63579371
S1-573016752	S2-667135394
S1-898097340	S3-2512079,S3-213612833,S3-218711902
S1-382279860	S2-980243696,S3-455453601
S1-395316873	S2-910668835,S2-882443491,S3-756516240,S3-356115481
S1-912877974	S2-867791117,S2-523172879,S2-764991377,S2-388299632,S2-146026173,S2-606234895,S3-705646591,S3-974604565,S3-966416166
S1-650793969	S2-579573211,S2-379973870,S3-934038568,S3-293076938,S3-771005384,S3-192683511
S1-74888542	S2-317987840,S3-602132911,S3-741611748,S3-833596598,S3-958009345
S1-573514563	S2-383939795,S2-958241582,S2-576366760
S1-596750278	S2-446644712,S2-990628234,S2-24012831,S3-865838022,S3-865052344
S1-154703303	S2-957708665,S2-572870905,S3-296470454,S3-19235628
S1-126557493	S3-450329922,S3-707991891
S1-725008002	S2-222333753
S1-988601275	S2-635009492,S3-600879242,S3-633815025
S1-753404819	S2-520334023,S2-899779005,S3-641563134,S3-849355280,S3-648562165
S1-626419543	S2-464554375,S3-985957230,S3-207880902
S1-560457112	S2-553748507,S3-895021255,S3-689297674,S3-682229955
S1-649311297	S2-86379022,S3-718548905,S3-676805063
S1-652650064	S2-747830567,S3-696339970,S3-843892818
S1-778974909	S2-535552586,S2-34813800,S3-355027649,S3-748529948,S3-326019473
S1-958356049	S2-321632578,S2-844396066,S3-560208583,S3-314454567,S3-457575705,S3-968289808
S1-55639441	S2-647438587,S3-214218850,S3-559361713
S1-642199078	S2-204931011,S3-646481429,S3-732517325
S1-244908293	S2-429190477,S2-955199059,S2-324286800,S2-84561085,S3-198091800,S3-553484577
S1-272723892	S2-600718819,S3-845136579,S3-388539458,S3-973516106
S1-843566558	S2-433851893,S3-925601029
S1-454834135	S2-573515998,S2-373900558,S2-524336224,S3-609475212
S1-419427065	S2-666129712,S3-988947390,S3-359252153
S1-328236147	S2-233914744,S3-204138676
S1-333055706	S2-939314595,S2-452139129,S2-79155393,S2-28561586,S3-637551957,S3-232682001,S3-429272
S1-189800582	S2-958891333,S2-617242700,S3-571471961
S1-755032002	S2-839993267,S2-20384001,S2-930696317,S3-958871162,S3-256691047,S3-650093296,S3-452392924
S1-667245441	S2-155285577,S3-383261613,S3-326143927
S1-257404767	S2-795404459,S2-676360669,S2-410082699
S1-562583380	
S1-864612738	S2-358887302,S3-183190002,S3-458618653
S1-49303005	S2-147237822,S3-352721879,S3-664926273
S1-324107840	S2-737129448,S2-478085144,S3-438219641
S1-700865544	S2-852593026,S2-452399311,S2-154374800,S2-401913718,S3-843912941
S1-578281785	S2-567357598,S2-71929747,S3-317218734,S3-26215462
S1-799612793	S3-109154728,S3-446958216
S1-705084429	S2-521710622,S3-694243321,S3-814982978
S1-167084059	S2-185260933,S2-883545357,S3-862961958,S3-308311576,S3-996935418
S1-700479380	S2-543848342,S2-414110457
S1-907619545	S2-540342687,S3-412796790,S3-63239729,S3-596280030
S1-827808098	S2-424070978,S2-234739894,S3-118869137,S3-698679561
S1-570007441	S2-416552141,S2-830847704,S2-293543342,S3-857141055
S1-241440391	S2-701875354,S2-708829256,S2-195617386,S3-165742504
S1-470685162	S2-559249212,S2-523084569,S2-373781592,S2-957558954,S2-119161212,S3-812890225,S3-868396069
S1-937654476	S2-389987809,S2-892904835,S2-16364834,S2-288734849,S3-479079042
S1-100924044	S2-129717406,S2-83328456,S2-309152025,S2-660489427
S1-773701187	S2-346047343,S3-558474013,S3-770662385,S3-98042826
S1-698822548	S2-819354841,S3-255095836,S3-901527028,S3-927960868,S3-367518554,S3-796998233,S3-773782738
S1-367438678	S2-203340652
S1-334010423	S3-432327904
S1-191580834	S2-427008047,S3-861690742,S3-279184894,S3-369068507
S1-52933535	S2-110897361,S2-527488654,S3-501483064,S3-808082334
S1-240063613	S2-628773317,S3-672071118
S1-757477029	S2-346233018,S2-136299478,S3-450104587,S3-781596187,S3-140923107,S3-353622238
S1-540853898	S2-614445497,S3-492436537
S1-384095941	S2-906056865,S2-923604189,S3-600822709,S3-732083679
S1-585127049	S2-392620116,S3-128574748
S1-37588878	S2-952686025,S3-372865180
S1-555410066	S2-880717698,S2-371285686,S3-556505542,S3-930503730,S3-893313582,S3-429864173
S1-745780830	S3-38436059
S1-997195158	S2-43540518,S2-756902508,S3-777987881
S1-461612339	S2-831032096
S1-151657300	S2-664786786,S2-45059837,S3-377157946,S3-111128155,S3-829732393
S1-607789485	S2-576583345,S2-74856769
S1-856331133	S2-333506863,S2-912069779,S2-823638489,S3-530372671,S3-802422528
S1-97932183	S2-486578924,S2-798421259,S2-141239302,S3-944580105,S3-702463628
S1-741710803	S2-808699462,S2-850868263,S2-814265746,S3-697291376,S3-952693840
S1-241189286	S2-35387806,S3-949647760
S1-739108360	S2-361254773,S2-416915031,S3-415513223
S1-750647545	S2-302016325,S2-776360238,S3-432817423,S3-261777869
S1-313444553	S3-70926426
S1-759949116	S2-74726739,S2-806615039,S3-975357554
S1-200927253	S2-952322957,S2-738926392,S2-245996338,S3-233786233,S3-327465015
S1-700234729	S2-302094283,S3-374216731
S1-891690675	S2-17678839,S2-599797132,S2-3472744,S3-773290356,S3-768872967,S3-533278755,S3-704486173
S1-447511049	S2-369142009
S1-788473040	S3-534037523
S1-193832241	S2-403920953,S2-250822568,S3-206812795,S3-104268655,S3-806419412,S3-486359730
S1-1442433	S2-336747977,S2-192325517
S1-737447851	S2-730014052,S2-509347329,S3-478601558,S3-80634185,S3-753838676,S3-632261194,S3-980833795
S1-651242280	S2-200479962,S3-772018096,S3-911890224
S1-992646451	S2-229802851,S3-715366207,S3-108470808
S1-475834262	S2-820873019,S2-212107420,S2-184894779
S1-512996230	S2-50985466,S2-174241086,S2-378880375,S3-975283775
S1-45658342	S2-628853344,S3-173502493
S1-379683628	S2-609117510,S3-251213504
S1-636353962	S2-336228951,S2-1263528,S2-434146971,S3-441880320,S3-543557835,S3-319296653,S3-300019307
S1-405074481	S2-678564639,S2-766365558,S3-382610318,S3-483361500,S3-14769437,S3-102308224,S3-862996418
S1-633277570	
S1-965850934	S2-67441854,S3-293416623,S3-586053100,S3-945495703
S1-37878759	S3-425723607,S3-680816921
S1-639958525	S2-399198099,S3-702169923
S1-656284403	S3-262647736,S3-208797922
S1-438186667	S2-314174499,S2-914303097,S2-548735980,S2-574834186,S3-790194169
S1-440389225	S2-600475856,S3-805074877
S1-103228349	S2-491534349,S2-315116308,S2-894547422,S3-778604275,S3-236646221
S1-202654102	S2-497691628,S2-533831365
S1-44024494	S2-936049095,S3-794594746
S1-714559707	S3-613255611
S1-733059779	S2-459718405,S2-897830444,S3-946526948
S1-190778439	S2-499685099,S2-21023069,S2-851612824,S2-686564386
S1-643815315	S2-382923364,S2-268281017,S3-888193845,S3-584982312
S1-784040568	S2-926702656,S3-592693707
S1-19674074	S2-960376768,S3-722075075
S1-687443441	S2-380991854,S3-880195370,S3-40800326
S1-535205962	S2-595241936,S2-939635314,S3-487092275
S1-839063043	S2-199695739,S3-637531523
S1-62193120	S2-167168825,S3-22443970,S3-281125094
S1-159966605	S2-260343456,S3-868598491,S3-588746092
S1-58506863	S2-526764103,S2-514567778,S2-876041688,S3-611934182
S1-354931910	S2-554851054,S2-723340028,S2-19528437,S2-619087509,S3-34579,S3-314100994,S3-820014829
S1-954269341	S2-939551023,S3-395711011
S1-372245082	S2-434679356,S2-425066446,S2-398438320,S2-458470357,S3-577631459,S3-725877112,S3-309442192
S1-561898259	S3-661627538,S3-25340291,S3-103491753,S3-923794940
S1-312627881	S2-543081065,S2-125731623
S1-786350920	S2-47549185
S1-71805099	S2-399951312,S2-985519811,S2-362013300,S2-270946858,S3-238853492,S3-754523379
S1-331754887	S2-585088827,S3-375229026,S3-899792501
S1-644030642	S2-811141599,S3-121166361
S1-325413412	S2-442418160,S2-755623569
S1-76845158	S2-485504950,S2-670731241,S2-935565006,S2-893854686,S3-525079569,S3-972806309,S3-298348579,S3-471471579,S3-106465498,S3-990228041
S1-896890808	S2-372249744,S3-427212566,S3-374600674
S1-769482090	S3-380752503,S3-529191013
S1-618982360	S2-442820652,S2-664821088,S3-558907026
S1-701625804	S2-285547134,S3-9537785
S1-701136694	S3-892879147,S3-831682897,S3-55290853
S1-956574846	S2-341175914,S3-730821151,S3-272328145
S1-336313200	S2-94164937,S2-314137666,S2-885332681,S3-941116023,S3-11672784,S3-400758714
S1-116213562	S2-560035810,S2-124330908,S2-657011563,S3-631607322,S3-35881556
S1-442704690	S2-204221417
S1-626393772	S2-867668779,S2-334156322,S3-428030467,S3-718374782,S3-570175000
S1-33122397	S2-857378892,S3-100829326
S1-882661287	S2-486596216,S2-452146472,S3-565898420
S1-600328758	S2-495902631,S3-508472568,S3-711320031,S3-859667810,S3-454058139
S1-466756397	S2-899354431,S2-527497252,S2-648490574,S3-110233510,S3-965784967
S1-443269250	S2-288314307
S1-381832976	S2-820600213,S3-983648395,S3-684306801,S3-615020234
S1-337070508	S2-694835524,S3-268999437,S3-724251745
S1-686148514	S2-416850052,S3-441974811,S3-473094704
S1-599296180	S2-310178577,S3-311322447,S3-875839324,S3-828229537,S3-774845455
S1-696539121	S2-439088920,S2-995054737,S3-726032319
S1-489030124	S2-167104444,S3-831578392,S3-303459078
S1-893781011	S2-697612147,S2-494569618,S3-467589580
S1-315658788	S2-649507013,S3-485074229
S1-189552336	S2-935963166,S3-807688625,S3-628486951
S1-676424099	S2-765695746,S3-505828787,S3-67751145
S1-305777097	S2-321543220,S3-585040002,S3-241738757
S1-735045054	S2-755002239,S2-908975813,S3-398357527,S3-765678155
S1-76365154	S2-806475544,S3-219511351,S3-544689487,S3-703750137,S3-20858544,S3-905480493
S1-798493930	S2-198650315,S2-783862824,S2-747567288,S3-479344652,S3-176209574,S3-746728783
S1-587399612	S2-862209370,S3-878615517
S1-851478447	S2-643028259,S3-264576982,S3-614924059
S1-914455456	S2-853286691,S3-559002331,S3-614687427,S3-192760126
S1-193477951	S2-583715529,S2-636445966,S2-271002443,S2-407634383,S3-661280425,S3-830312231,S3-378914312,S3-999750642,S3-766597004
S1-846336917	S2-31947215,S2-735067793,S2-855222725,S3-729076020
S1-410481696	S2-116970354,S2-701016528
S1-427531485	S2-247518055,S3-348680505,S3-870627762
S1-290868682	S2-173589,S2-623583695
S1-193181440	S2-883487608,S2-639333393,S3-282182355
S1-484448860	S2-979385744,S3-29764693
S1-53619295	S2-466829848,S2-212217278,S3-716772141,S3-157301370
S1-424421169	S2-928503356,S2-364822396,S2-515879770,S3-253154824
S1-883553050	S2-388098034,S3-209779382,S3-915684195,S3-135971996
S1-661092369	S2-453675171,S3-522114467,S3-858596107,S3-948846188,S3-741582396,S3-387545929
S1-503248917	S2-552033734,S2-550853975,S2-578916391,S3-714135159
S1-734760847	S2-295839215,S2-92051811
S1-46926584	S2-343384693,S2-294806259,S2-520411658,S2-90127087,S3-877367332,S3-702348552
S1-277014634	S2-45850624,S2-584255476
S1-86163193	S2-33915030,S2-878284167,S2-306818608,S3-462061070,S3-565391702,S3-850395968,S3-24349166
S1-201956901	S3-314533082
S1-904669751	S2-539617534,S2-511966007,S3-1169327,S3-891396763,S3-286795378
S1-656137509	S2-598697865,S3-109006946,S3-592580922,S3-866621015
S1-67590313	S2-852709799,S3-57412886,S3-891326179
S1-674914967	
S1-207070582	S2-438188939,S2-342320263,S3-165252290,S3-348674588
S1-717282539	S2-763344615,S2-601751176,S3-97798947,S3-968521345
S1-984276929	S2-363078046,S3-929718851,S3-192152108,S3-366049084,S3-334289001
S1-321825889	S2-289485074,S2-170354557,S3-18909804,S3-327686835
S1-83154552	S2-198096297,S2-270177363,S2-558312754,S3-512151744
S1-618933402	S2-246224106,S2-618773276,S3-385170653,S3-922438460
S1-782553097	S2-702069672,S2-646693969,S3-785414368,S3-583182605
S1-186527688	S2-356579245,S3-408211929,S3-117735988
S1-108621251	S2-524568776,S3-99641835,S3-977466379
S1-712961244	S2-142728565,S2-310223999,S2-966503485,S2-471474571,S3-343954943
S1-259123476	S2-223284390,S3-364857395
S1-782786878	S2-899255129,S2-693054869,S2-841829106,S3-165941105,S3-441074741
S1-388507164	
S1-632406610	S2-276723682,S3-980710963,S3-682927083,S3-656741279
S1-83467231	S2-190840386,S2-473661883,S3-432859387
S1-483421527	S2-693209655,S3-121602801,S3-642132699,S3-146517039,S3-17520231
S1-337021163	S2-391388042,S2-128718377,S3-937552602
S1-421949472	S2-517453982,S2-201381905,S2-172780024,S3-213056941,S3-245869175,S3-463474289
S1-575955656	S2-449369644,S2-308545715,S2-534708964,S2-130439779,S3-786228359,S3-598679571,S3-441357272
S1-910737469	S2-900593381,S2-383495734,S3-364474807,S3-422246491,S3-800725049,S3-376954703
S1-34561630	S2-812190503,S3-577783779
S1-57348605	S2-585273552,S3-718743644,S3-710469981,S3-156329367
S1-705677344	S2-565273859,S3-799931882,S3-603344174,S3-275178128
S1-226805741	S2-952647376,S2-768673709,S2-570041636,S3-310456645,S3-166232182,S3-221143003,S3-125595144
S1-242879085	S2-370258896,S3-565294357,S3-278828635
S1-683617881	S2-904620024,S3-305612757
S1-846160569	S2-408406488,S2-611071457,S3-873367915
S1-634758155	S2-211396189,S2-232428269,S2-635947383,S3-529753628,S3-258398286
S1-421998899	S2-433028262,S2-744708331,S3-407828706
S1-5165369	
S1-974732084	S3-923420919
S1-114850409	S2-898219584,S3-217664312
S1-962435320	S2-983340114,S2-796209040,S3-421191167,S3-152351483,S3-459768199
S1-388245391	
S1-217576490	S2-388980228,S3-787698460,S3-305536864
S1-698449589	S2-533177048,S2-508283358,S3-69925625,S3-969048600
S1-815211774	S2-391203038,S2-85744811,S2-143222771,S3-940172655
S1-736162673	S3-597032536
S1-611784409	S2-765538778,S2-333533050,S3-25930662,S3-842954968
S1-211592475	S2-666236238,S2-476648260,S2-294414060,S2-662159321,S3-173387165,S3-883938200,S3-192060253,S3-816655665
S1-555350289	S2-412693853,S3-760846695,S3-179182262
S1-493985363	S2-133772971,S2-147488433,S2-449584968,S3-229934400,S3-532990981
S1-930848316	S3-311363184,S3-574007925,S3-345187814
S1-307464396	S2-320169105,S2-858819641,S2-476111185,S2-391929553,S2-482039241,S2-169626851,S3-114587758,S3-415354818,S3-422781941
S1-177770989	S2-836268050,S2-459355876,S2-231632541,S3-27568464
S1-302590962	S2-553839450,S2-12265338,S3-105286696,S3-659024161,S3-207822896
S1-340171740	S2-75180767,S3-423139491
S1-950519154	
S1-706653311	S2-135599400,S2-316226677,S3-48587110,S3-655063757,S3-800090568,S3-539441118,S3-930077262,S3-62943622
S1-528548249	S2-88861489,S3-741639308
S1-220260659	S2-382221204,S2-609645795
S1-958298659	S2-99290364,S2-790691447
S1-997019898	S2-53121815,S2-748941205,S3-949138417,S3-679864875
S1-584741776	S2-533337633,S2-800041809,S2-390740083,S3-926022812,S3-192351992
S1-760816211	S2-911418309,S2-955791739,S3-950095296
S1-484891659	S3-483017530,S3-318656825,S3-442379812
S1-232204608	S2-609082659,S2-987598694,S2-137762327,S2-306107798,S2-347050910,S3-540561154,S3-771340289,S3-438468797
S1-354802188	S2-97152867,S2-731769913,S2-585488964,S3-365270860,S3-4154961,S3-351894540,S3-65551724
S1-290176575	S2-62768462,S2-897676193,S2-672495365,S2-460432773,S3-271671249,S3-27986841,S3-678996625
S1-203203200	S2-530152787,S2-194319858,S3-405280708,S3-791203165,S3-722731696
S1-555917187	S2-603983616,S2-619938268,S2-780097140,S3-961636223,S3-174902435,S3-670981150
S1-517740762	S2-538537059,S3-3454590,S3-942342276
S1-766239781	S2-611998887,S3-766459838
S1-919889935	S2-652810406,S3-382736047,S3-620291274,S3-531173055,S3-361169588
S1-912365081	S2-745897076,S2-947776781,S3-400072145
S1-714405902	S2-198667503,S2-458530723,S3-231054213
S1-527663205	S2-799226556,S2-387925121
S1-924164040	S2-890052408,S2-687155187,S3-968833815,S3-301130255,S3-743462798
S1-450555812	S2-706923101,S2-791963916,S2-641003730,S3-82528485,S3-911571431
S1-440645767	S2-397123904,S2-140402614,S2-433730439,S3-290621981,S3-505782963,S3-679809932
S1-708603034	S2-611827917
S1-572311197	S2-668489388,S3-857837879
S1-664710253	S2-313135370,S3-726358180,S3-531464896
S1-246032126	S3-216962062,S3-233909809
S1-927444151	S2-529423616,S2-658406547,S3-640088097
S1-762257555	
S1-919888511	S3-83461126
S1-218502829	S3-144167687
S1-628791360	S2-666853816,S3-968825896
S1-332618783	S2-19228495,S3-362420160,S3-87141592,S3-909032293,S3-460367332
S1-446339436	S2-301045246,S2-289107804,S3-26004767,S3-291560760
S1-796251718	S2-51799134,S3-640606194
S1-631521728	S2-87952448
S1-274886557	S3-333931402
S1-181784181	S2-984110309,S3-425936339
S1-861266479	S2-900287394,S2-673153907,S2-24887897,S2-85482890,S2-316894889
S1-790075030	S2-100290874,S2-186477277,S2-287201208,S2-328069425,S3-478897289
S1-736713159	S2-122677312,S3-178956322,S3-990386412
S1-749427923	S2-705382240,S3-443756225,S3-579904871
S1-477329215	S2-713091713,S2-254314293,S3-517574792,S3-284303113
S1-875446819	S2-675133624,S2-60047871,S3-985151838,S3-192873229
S1-388152199	S2-983076378,S3-375619217,S3-156371879,S3-120083125,S3-525557088
S1-847388061	S2-389400702,S2-296264572,S2-610022786,S3-92059617,S3-785248459
S1-638197043	S2-477330056,S3-471844293
S1-10781672	S3-25587489,S3-46390234,S3-421239377
S1-789997025	S2-109860660,S2-153376185,S2-48216324,S3-255017689,S3-498625887
S1-523081588	S2-790787342,S2-863833248,S3-938747126,S3-632284300
S1-874053309	S2-416511911,S2-869246239,S2-804068613,S3-529566649,S3-229108919
S1-641381946	S2-712746750,S2-540626893,S3-18862333,S3-619189494,S3-779041559,S3-492789509
S1-38884393	S2-81605117,S3-972225764,S3-899101121
S1-388483103	S2-305886420,S3-868677051,S3-92419232,S3-615029394,S3-979975029,S3-306974955,S3-485544484
S1-85494537	S2-753735847,S2-606224626,S2-994107252,S3-548877442,S3-141634837,S3-465843482
S1-793181812	
S1-659049595	S2-888681487,S3-560927124,S3-808346506
S1-596707551	S2-435997486
S1-309536194	S2-779666536
S1-105249655	S2-982013930,S2-105159568,S3-670307238
S1-550631169	S2-705604273,S2-817182002
S1-648793119	S3-665196906,S3-448526611,S3-752714048
S1-798806688	S2-142579269,S2-307763972
S1-16940394	S2-322178035,S2-110096233,S2-563381840,S3-76485078,S3-109758890
S1-353664395	S2-222368256,S2-706359453
S1-440971196	S2-318394222
S1-69348624	S2-536626705,S3-182566986
S1-326577382	S2-947343461,S2-594498838,S3-859149420,S3-453089049
S1-297420248	S2-25915135,S3-827153155,S3-97121895,S3-736540970
S1-484953487	S2-999125635,S3-406863131,S3-355396115
S1-873701512	S2-695304172,S2-935210814
S1-192330724	S2-213427395,S3-296585138
S1-731819349	S2-404032386,S2-214099343,S3-420491375
S1-102808571	S2-171873482
S1-819626897	
S1-963877776	S2-67647770,S2-10546904,S2-506314267
S1-409336656	S2-286244997,S2-744392413
S1-658171306	
S1-625702584	S2-537301194,S2-949135318,S2-168515110,S3-328427289,S3-345131798
S1-547584910	S3-340333576,S3-663288995
S1-943778760	S2-550049935,S2-920197428,S2-463343655,S2-861332352,S2-730324012,S3-351530185,S3-498795609
S1-605927691	S2-96114162,S2-951107688,S3-642924548,S3-749994523
S1-939502579	S3-50227278
S1-460245261	S2-804441033,S3-549539543,S3-605410990
S1-312444742	S2-610516074,S2-178936078,S2-862257188,S2-544198147,S3-239343536,S3-805477124
S1-156309919	S2-934684017,S2-370257233,S3-378644915,S3-439352074
S1-203108026	S2-728219498,S3-748573050,S3-911757412
S1-766358539	S2-773605083,S3-42300290,S3-582609184
S1-154719183	S2-349101607,S2-874412095,S3-243177995
S1-154668605	S2-864994197,S2-244225374,S3-755540343
S1-221545619	S3-883055037
S1-405858712	S2-561066777,S2-568205938,S2-711127995,S3-761411305
S1-838114892	S2-962693024,S2-203104867
S1-188335410	S2-743949493,S2-795459,S3-794815487
S1-816637655	
S1-231982106	S2-448454181,S3-268824768
S1-744386862	S3-235048435
S1-442441700	S3-887300164
S1-590847839	S2-564632299,S2-193427154
S1-338592807	S2-830835505,S2-165823802
S1-677821747	S2-752916878,S3-899977765,S3-761082931
S1-491043289	S2-800373321,S3-92463575,S3-113045249
S1-465651224	S3-712006457
S1-533583412	S2-27546071,S2-626848968,S2-402560535
S1-858917964	S2-981320141,S2-714183386,S3-324046955,S3-275993932
S1-246219023	S3-736279493,S3-415254777
S1-750360829	S2-784663409,S3-460425470
S1-288311477	S2-450259431
S1-429756989	S2-102761922,S2-911979993,S2-757778262,S3-713270483,S3-663728710
S1-219453359	S2-828891044,S2-618603496,S2-521513680,S3-723343289
S1-872344748	S3-805014124
S1-128375300	S2-969003727
S1-761390259	S2-188711072,S2-573170980,S3-948803354,S3-378588094,S3-760301268,S3-573584286,S3-255398564
S1-160661450	S2-601348955,S2-96573800,S2-650255408,S3-493176707
S1-196036715	S2-676930111,S3-731165460,S3-616965494,S3-539122792
S1-247612983	S3-181005156,S3-123537773,S3-753507288
S1-618992155	S2-28578864,S3-897652596,S3-123069686
S1-535548928	S2-44501975,S2-893729338,S2-312198692,S2-33779451,S3-510151105
S1-680305536	S3-465525755
S1-792917107	S2-246355725,S2-768551359,S3-119311969,S3-757951351,S3-880980395
S1-41923451	S2-139532171,S2-350638305,S3-298747633,S3-804345942,S3-40058491,S3-867343503
S1-448241121	S2-689979282,S3-477128668
S1-975606427	S2-598347334,S3-17619123
S1-35243972	S2-458247798,S3-731728800,S3-878720664
S1-125725967	S2-896678060,S2-95359025
S1-427417800	S2-697515934,S2-762487967,S3-706262953,S3-185926531
S1-661990269	S2-510421464,S3-669552728,S3-258206995
S1-428740320	S3-752956014,S3-574671542
S1-57650800	S2-926916965,S2-280053838,S3-552854136,S3-177981697,S3-965273438,S3-501063484
S1-202888373	S3-713120776,S3-484659218
S1-68375440	S3-168930091,S3-833504914,S3-283592436
S1-308217733	S2-364719693,S2-196163679,S3-770225110,S3-365084411
S1-482469421	
S1-638312402	S2-183708732,S2-581603693,S3-793074517,S3-774802681
S1-888351367	S2-485514323,S2-885664343,S3-157239907,S3-105010116
S1-60188978	S2-712241,S2-836072003,S2-87901354,S2-26008249,S3-677829310
S1-177193455	S2-805967084,S3-563289479,S3-327651936,S3-138624090
S1-720777077	S2-561035376,S2-313768869,S2-313455742,S2-584814238,S2-170523656,S3-737234975
S1-204942299	S2-51387933,S2-184713943,S2-95952651,S3-404589516
S1-606109731	S2-772548949,S2-484863595,S3-518891364
S1-921803281	S2-486450433,S2-502122031,S3-825953828,S3-83525667
S1-106856665	S2-659743452,S3-131317001,S3-545368505
S1-175413430	S2-657894638,S3-945944903,S3-917605830
S1-147535796	S2-698730858,S2-869426067,S2-672917021,S2-371225835,S3-505650756,S3-348687513
S1-687237362	S2-271234018,S2-839097378,S2-305168619,S2-352165176,S3-278971071
S1-971358208	S2-564049776,S2-262936832,S3-579545489
S1-893246797	S2-598009877,S2-137560922,S3-680821674,S3-146372503
S1-401864203	S2-138902918,S2-570096539,S3-293857411,S3-552806779,S3-349319994,S3-394728700,S3-204065223
S1-841952191	S2-976878431,S2-864038683,S2-909639510,S3-341543436,S3-27742174,S3-961983971
S1-228177533	S2-898379837,S2-227320457,S3-38284256,S3-91068894
S1-419058082	S2-835749011,S2-410634263,S3-176557814,S3-711370056
S1-732961671	S2-928350729,S2-473548441,S2-258047291,S2-527508825,S3-506971851,S3-930850719
S1-920390520	S2-652615295,S3-849299141
S1-635175351	
S1-461785753	S2-272735019,S3-202928498,S3-284744109
S1-910473852	S2-348429997,S2-796986016,S3-947010779,S3-214252741
S1-868446826	S2-615188787,S3-551343011,S3-701750243
S1-788848138	S2-669222391,S3-252602797,S3-810026564,S3-337226868
S1-575078315	S2-123495316,S3-574497380
S1-44946269	S2-660332738,S2-78308319,S2-897177790,S2-995640402,S3-43561816
S1-618904464	S2-770522026,S3-608545891,S3-355947031,S3-605466757
S1-429851261	S2-774305853,S3-4981286,S3-914532981,S3-4729291
S1-714077420	S2-236296430,S2-794752717,S3-955631881,S3-786561769
S1-483602789	
S1-511231810	S2-675789787,S2-461260098,S3-656463530,S3-23571858
S1-642966235	S2-331324832,S2-86622433,S2-59136710,S3-624963377
S1-534513269	
S1-923648013	S2-590185636,S3-235365518
S1-327546778	S2-139654234,S3-406266048,S3-945687656
S1-544687180	S2-947639243,S2-542717394,S3-131914437
S1-521308469	S2-688557403,S3-66757977,S3-764326901
S1-3557546	S2-448262383,S3-830384836
S1-747120037	S2-574910621,S2-552774407,S3-148028196,S3-49149497,S3-971985597
S1-787806823	S2-916428790,S2-787848899,S3-613655054
S1-986806167	S2-118684247,S2-268073741,S2-977179386,S3-442001793
S1-353310159	S2-759858105,S2-792587217,S3-14832949,S3-37402386
S1-376870527	S2-363461202,S3-581433713,S3-397004596
S1-429185660	S2-512683926,S2-806725627,S3-13838627
S1-517260039	
S1-178572489	S2-6815124,S3-538403442,S3-692147771
S1-20627394	S2-502116833,S2-287072079,S3-82640755
S1-700683583	S3-329344956,S3-537598663,S3-817147155
S1-215948660	S2-784055130,S2-650004342,S3-674236789,S3-542881214,S3-303047762
S1-49422945	S2-694296829,S3-48883530
S1-679007878	S2-186426374,S2-509958854,S3-250445878
S1-714329849	S2-290116398,S2-227676758,S3-29430395,S3-415618285,S3-141240330
S1-639347951	S2-932531877,S3-984661185,S3-68904154
S1-523196895	S2-467787125,S2-437719652,S3-840555730,S3-707838959,S3-662386049,S3-253982214
S1-680785149	S2-4655652
S1-480457861	S2-808918878,S2-827751021,S3-562296683,S3-445414773
S1-151701394	S3-711991382,S3-465799024
S1-952390528	S2-752456789,S2-705093955,S3-263771190,S3-353666901
S1-682183472	
S1-75822229	S2-723961433,S3-576818014,S3-459800076
S1-908361288	S2-516503906,S2-124412259,S2-772742018,S3-805463856
S1-544503346	S3-166372521,S3-592877580
S1-750039402	S2-242005849,S2-68560922,S3-488005671,S3-316503453
S1-811974162	S2-228042088,S2-125922591,S3-318005716,S3-53909879
S1-90129787	S2-618870916,S2-250675393,S2-552534667,S3-58754190,S3-977034066,S3-82375232
S1-994904855	S2-550986984,S2-607285017
S1-796020041	S2-751526785,S2-200138301,S3-233937731
S1-691438963	S2-836198324,S2-543705959,S3-427382536,S3-683161134,S3-897191630
S1-286465454	S2-162379479,S3-424826579
S1-219390382	S2-966137853,S2-661815049,S3-151012327
S1-726042940	S2-679988596,S2-656261111,S2-92264421,S2-153032267,S2-50465448,S2-403335600,S2-960906387,S2-62077592,S3-500226216,S3-164844864
S1-704356919	S2-284469523,S2-855795294,S2-84085087,S2-564849814,S2-895517901
S1-943139131	S2-992759304,S2-181386131,S3-747694880,S3-571205453
S1-77608143	S2-827669732,S3-590651912
S1-121813230	S2-477163215,S2-331447021,S2-442992433,S3-199209639
S1-874715914	S2-274867586,S2-560784198,S2-216477242,S2-606446676,S3-551184794
S1-658654418	S2-535780384,S2-872041804,S2-254754153,S3-550173162
S1-322452675	S2-427516526,S2-213022695,S3-293224465,S3-636614167
S1-472443883	S2-584034413,S2-403679549,S2-680609089,S2-943351314,S3-608910117,S3-410903825
S1-618461228	
S1-209595740	S2-743375913,S3-247476701,S3-352568461,S3-978658533,S3-861843891,S3-962221844
S1-688607805	S2-718631211,S3-798524167
S1-596538042	S2-346454081,S3-274860591
S1-273249163	S2-24253996,S2-427961425,S2-222297444,S3-667897402,S3-215702582,S3-165357312,S3-809050751
S1-911040502	S2-8540391,S3-559585453
S1-286723247	S2-244616363,S2-347709122,S2-989357006,S2-107534036,S3-859636638,S3-276452046,S3-144107616
S1-122542345	S2-732848181,S3-532416244
S1-910799639	S2-277016516,S3-376576130
S1-124911378	S2-705207588,S2-901220144,S3-144219824,S3-783827093
S1-388199288	S2-597605761,S2-836692980,S2-732827938,S3-549102649,S3-366869712
S1-971559313	S2-352382823,S3-529289737,S3-984090262,S3-514320318,S3-268432033
S1-496369034	S2-370272071,S2-414692030,S2-203815128,S3-8940608
S1-708413044	S2-548758897,S3-826165095,S3-280902299,S3-107175509,S3-956614010,S3-915821225
S1-123645591	S3-953438662,S3-283928345
S1-606322048	S2-873691536,S3-998570767,S3-996448000
S1-989292929	S3-124809417
S1-632671163	S2-499125283,S2-975649801,S3-331917367,S3-66828818,S3-883764127,S3-521269024
S1-910193711	S2-258186243,S2-552258613,S2-247719643,S2-926172752,S3-498895960,S3-714335125,S3-935335077
S1-932751177	S2-128694762,S3-3605217,S3-691642971,S3-29010100,S3-577163766,S3-546489480,S3-120774182
S1-297861839	S2-573544587,S3-973262933
S1-13313453	S2-100792633,S3-637839407,S3-8007358
S1-459645780	S2-269509975,S2-253389236,S2-679342198,S2-79425202,S3-104176868
S1-22482771	S2-922871613,S3-962982019,S3-813874081
S1-738045284	S2-630946060,S2-620543150,S2-476594432,S3-515817952,S3-574984123
S1-788291440	S2-429287855,S2-770567259,S3-753279066,S3-952285883
S1-840695858	S2-708369417,S2-556702526,S3-591951044
S1-613023372	S2-587704690,S3-33386720,S3-391307539
S1-180650580	S2-370964463,S2-920706009,S2-962574850,S2-721298860,S2-198781169,S3-437508626,S3-868063438,S3-388021738,S3-795235218
S1-488052935	S3-474714771,S3-846505928,S3-19195590
S1-401305941	S2-294331381,S3-135965620
S1-993469683	S2-657672306,S2-64686849
S1-214199077	S2-89485925,S2-308380856,S2-103655347,S2-654278330,S3-588249097,S3-706577125,S3-388619531
S1-773817576	
S1-52553681	S2-220326161,S2-514015637,S3-183891751,S3-509569516
S1-772559589	S2-239287566,S3-523169640,S3-68216201,S3-227365143,S3-360055383
S1-562353733	S2-199290114,S2-297265153,S2-248421828,S2-351530487,S3-704727830
S1-267626025	S2-407894068,S3-127757756
S1-858558106	S2-554608279,S3-176977274
S1-857651536	S2-961513670,S2-567185670,S3-549868715
S1-90899239	S2-685778611,S3-191639086
S1-489140946	S3-598836171,S3-995249300
S1-268077715	S2-664264657,S2-186572438,S2-701280880,S3-297917417
S1-523607347	
S1-846495811	S2-385312750,S2-742202688,S3-614417555
S1-994206564	S2-381326257,S2-933372129,S2-434032427
S1-372672851	S2-930867510,S2-48085222,S3-357707760,S3-209891977,S3-867787551,S3-693537201
S1-708578140	S2-739684426
S1-904154429	S2-757162906,S3-702247004
S1-891933117	S2-250605022,S2-542770383
S1-221438257	S2-225695052,S2-358239505,S2-40910800,S3-462564955,S3-64560848,S3-14937664
S1-879751758	S2-135458962,S2-592655669,S3-580815017
S1-732240961	S2-92445481,S2-438915730,S2-515790067,S2-933788448,S3-635953263
S1-140236337	
S1-774458452	S2-649176552,S2-671750718,S3-285050834,S3-250416380
S1-872899714	S2-547019202,S2-705413171,S2-98875116,S2-136282236,S3-518202299,S3-538571775,S3-666282611,S3-202433948
S1-274490349	S2-781829657,S3-600871364,S3-415148349,S3-676146873
S1-275722977	S2-817433364,S2-288399160,S3-765215545
S1-547036696	S2-337542616,S2-156148273
S1-852435036	S2-143609315,S3-817113901,S3-983146646
S1-739530450	S2-701792148,S2-261471212,S2-15972594,S2-883726690,S3-239605330,S3-724317515
S1-211740417	S3-537664497,S3-880281287
S1-641844231	S2-567662418,S3-548520637,S3-411418800
S1-962765467	S2-170216909,S2-600622626,S3-525067830,S3-730896986,S3-552312557
S1-298114695	S2-52656044,S2-446748859,S3-948522823
S1-259892627	S2-635045590,S2-975319668,S2-956292404,S3-442003692
S1-516649368	S2-831590811,S2-327119582,S3-183757622
S1-489433719	S2-558016818,S2-620377116,S2-434274983,S3-422296921
S1-26435801	S2-623901603,S3-426114184,S3-384130408,S3-677582490,S3-970891809,S3-508557106
S1-958479038	S2-81353681,S2-264230227,S2-360832092,S2-21038363
S1-233860097	S2-32296788,S3-41114000,S3-907134923
S1-171173719	S2-951518318,S2-101520556,S2-880655593,S3-65825394,S3-61598061
S1-859295838	S2-20271742,S2-122802940,S3-45106146
S1-813286509	S2-194502701
S1-901392046	S2-687971498,S2-783885328,S3-918647421
S1-403671285	S2-202316222,S2-774918943,S2-806966381,S3-707334557,S3-768533546,S3-473867795,S3-753834225
S1-444758994	S2-950361531,S2-134113927,S3-673847678
S1-125906634	S2-97881504,S2-67407682,S3-525346681,S3-709764981,S3-903323692,S3-786031849
S1-337189608	S2-375551514,S2-90104860,S3-9087248,S3-302079513,S3-251153268,S3-963528322
S1-289797	S2-551077400,S2-232975601,S2-201916585,S2-337175983,S3-212791363
S1-995196933	S2-495508776,S2-605863335,S2-487882712,S3-157932804
S1-184025150	S2-945043154
S1-448267460	S2-17267219,S2-75297350,S2-417076672,S3-254255667,S3-287601651,S3-884158667,S3-383271897,S3-425280117,S3-949825613
S1-923989066	
S1-588683396	S2-743600741
S1-267914232	S2-537148190,S3-671083269,S3-656889293,S3-361968150,S3-443853112,S3-308067264
S1-732418664	S2-157920102,S2-353407425,S3-453111684
S1-634363854	S2-401712970,S2-441830405,S3-10018976,S3-193837099,S3-25157485
S1-48074803	S2-987138939,S3-123116820
S1-498282217	S2-715697645,S2-940961703,S2-682952767,S3-910894914
S1-356288671	S2-532284386,S2-447367032,S2-681806501
S1-301232777	S2-440181856,S2-184179726,S3-891262565
S1-521482584	S3-947909347
S1-511635908	S3-744204404
S1-241026415	S2-765960661,S3-777141349,S3-26257672
S1-966190490	S2-656771053,S3-161356637
S1-207004701	S2-741776934,S3-325902750,S3-136410241,S3-726251138
S1-600405366	S2-791957207,S2-810561715,S2-331352669,S3-485489479,S3-287846052
S1-864089032	S2-875538405,S2-251050768,S2-738402057,S2-590327535,S3-695130156,S3-702842313,S3-60116229,S3-846891014
S1-945451740	S2-598736639,S3-736736237,S3-171964355,S3-592218744
S1-436728967	S2-835311599,S3-491449019,S3-813600030
S1-840497698	S2-854822209,S2-145645904,S2-325457081,S2-690109113,S3-565553438,S3-690844856,S3-427659390
S1-124755498	S2-301297856,S2-773298611,S2-151078436
S1-964594680	S2-873361390,S3-970051174,S3-288268824,S3-25949700
S1-85452342	S2-360500593,S2-401706890,S2-651668141,S3-429688633,S3-516054458,S3-128638306
S1-95763054	S2-168575040,S2-195223150,S3-909481808,S3-916576062
S1-21929210	S3-961631141
S1-79590561	S2-531158781,S3-512426283
S1-553805025	S2-19424960,S2-174098718,S2-865743027,S3-110895946,S3-722588605,S3-893274748,S3-768755068
S1-238911744	S2-774403461,S2-704060687,S2-167195341,S3-134172871,S3-80013668
S1-778806346	S2-251482809
S1-510129267	S2-601041613,S2-568078198,S3-318324134
S1-547691555	S2-131485272,S3-79275570
S1-213366728	S2-929859115,S3-249805524,S3-700631018,S3-165718172,S3-929151853
S1-292044369	S2-927000934,S3-111226132,S3-519338983,S3-500022741
S1-426766569	S2-381677174,S2-53088660,S3-998841459
S1-754169093	S2-627416739,S3-119775367,S3-499074597,S3-112226282,S3-901730097
S1-587182916	S2-539963492,S2-770745052,S3-732766346
S1-157009161	S2-741326252,S2-145044236,S3-41745979,S3-8191291
S1-303714420	S2-437387649
S1-238949648	S2-78355590,S2-195582456,S3-155157088,S3-815479100,S3-563981870
S1-171641868	S3-928967057
S1-960366103	S2-130938039,S2-941373521,S2-997275038,S3-152867770,S3-515503861,S3-449027319
S1-967759454	S2-27626393,S3-367798979,S3-104949871,S3-930943452
S1-255090841	S2-904075814,S3-761715783
S1-308621662	S2-571535409,S2-8871432,S3-948458172,S3-640944574,S3-829231945
S1-900740725	
S1-262247415	S2-118167999,S3-735861173,S3-17853518,S3-4852985
S1-91022467	
S1-850605679	S2-241271308,S3-630750619
S1-531092926	S2-852237940,S3-823494536,S3-1638713
S1-854128353	S2-16354256,S2-697928204,S2-532645573,S3-107915971,S3-340872025
S1-115657234	S2-205821270,S2-772426941,S3-498990269,S3-510879560,S3-189975850
S1-953264718	S2-628961065,S2-767529246,S2-464827515,S3-748641072
S1-572628619	S2-490916221,S2-712561164,S3-882732120,S3-777061223
S1-129137876	S2-197262653,S3-571312188,S3-218547696
S1-379381643	S2-613634526,S2-328985052,S3-688121345
S1-842706082	S3-552137504,S3-732001275,S3-404125179
S1-893217388	S2-843239455,S2-172816591,S2-633388632,S2-27041707,S3-848753551,S3-937157284,S3-833633783
S1-87687506	S2-99799804,S2-129287905,S3-266159088
S1-796868772	S2-616715378,S2-961409974,S3-884689065
S1-918398280	S2-669268473,S3-26495049,S3-710338552
S1-603084324	S2-825397465,S3-140474532
S1-341063793	S2-301471083,S2-701007304,S3-876426714,S3-204250789,S3-682686866,S3-510870899
S1-604580133	S2-388722841,S3-873081348,S3-389591633,S3-353325989,S3-423059406
S1-729988987	S2-167547701,S2-490832886,S3-566380869,S3-270827184
S1-373022381	S2-775430421,S2-988088398,S2-837606429,S3-954389909
S1-545201764	S2-115335386,S3-350768487,S3-267536006
S1-390252121	
S1-378974228	S2-347904912,S2-624596898,S3-797577017
S1-945590651	S2-730052953,S3-907064387,S3-872319015,S3-401391517,S3-192130769
S1-692471807	S2-31903015,S2-979090581,S3-900359770
S1-70304206	S2-292949581,S2-57857459
S1-710157655	S3-546418179,S3-328357880
S1-512127022	S2-317375188,S2-406162245,S3-279005732
S1-831923485	S2-638069957,S2-102160775,S2-749437333,S3-91517615
S1-928512730	S2-286651868,S2-210413635,S3-722722729,S3-759526456,S3-819061974
S1-374644632	S2-894206260,S2-999786876,S3-805882874,S3-740417176
S1-163099746	S2-270274701,S3-409289830
S1-966266474	S2-601368864,S2-70657031,S2-94133120
S1-179536424	S2-694447290,S2-900259735,S3-572261521,S3-614148455
S1-731314679	
S1-134467695	S2-588946164,S2-533736054,S2-158755323,S3-346887353,S3-935744979,S3-287822138,S3-220503841,S3-130039306
S1-785725841	S2-479079944,S2-578626885,S2-361702412,S3-569583897,S3-251551449
S1-970711261	S2-152468109,S3-486957190,S3-113937215
S1-943539291	S2-131606539,S3-74626865
S1-583065272	S2-365776844,S3-978288978
S1-331007493	
S1-246613826	S2-41070472,S3-812780798
S1-362433069	S2-200185289,S3-927944088,S3-619009371,S3-365335679
S1-459984140	S3-515089420
S1-630888300	S2-982133692,S2-136434994,S2-537063915,S3-901230438,S3-925905329,S3-10613032,S3-594031786
S1-904484315	S2-592444128,S2-951193396,S3-742586613,S3-805993253
S1-67169593	S2-978572861,S3-336555406
S1-758680230	S2-384227006,S2-246817315,S2-243274660,S3-136818184,S3-557955097
S1-158673108	S2-902399904,S2-948666424,S2-808056852
S1-568095292	S2-131419536,S2-501601026,S3-550671275
S1-957064394	S2-234838031
S1-398975579	S2-992770127,S2-683030698,S3-900723160
S1-27412725	S2-562186856,S2-676926284,S2-656580355,S3-597767992
S1-261204121	S3-89373727,S3-182520897
S1-533056362	S2-499092021,S3-805975505,S3-282162623,S3-881028759
S1-219896237	S2-859223323,S2-710304882,S3-216014309,S3-47088644,S3-383690309
S1-821625770	S2-751899894,S3-926971856
S1-554221067	S2-94127578,S2-336602910,S3-55793725,S3-99389912,S3-748660086
S1-310373781	S3-131768704
S1-785346955	S2-904954606,S2-928981079,S3-326835964,S3-309471138,S3-332443802
S1-221868916	S2-593352863,S2-600821775,S2-675697687,S3-848216500
S1-973621705	S2-463883493,S3-462555876,S3-930939296
S1-149277660	S3-467883981
S1-87107159	S2-487960918,S3-780119806
S1-774841786	S2-785371817,S2-935500773,S2-240418040,S3-560860231
S1-263775088	S3-769346462,S3-854477858,S3-434650134
S1-901471406	S2-646371805,S3-124423065,S3-735833056,S3-596665975,S3-902468231
S1-402129124	S2-392737970
S1-562895326	S2-296319223,S2-938852866,S2-529326885,S2-128912970,S3-460199075
S1-956348821	S2-778898578,S2-775632359,S3-647412909
S1-852992971	S2-949728397,S2-346398892,S2-840330288,S3-612878211,S3-382391076,S3-860648136,S3-557550348
S1-938473594	S2-152103816,S3-305195682,S3-333604380
S1-164896274	S2-531519392
S1-351688184	S2-418223365,S3-279889531
S1-768908939	
S1-642556170	S3-146461133,S3-661992206
S1-91272340	S2-54013181,S2-605828601,S3-404790927,S3-818632277,S3-217776333,S3-520128191
S1-125339420	S3-819139569
S1-92753223	S2-227267991,S2-125277703,S3-389134537,S3-651949796,S3-965106442
S1-631479201	S2-991686219,S2-563373592,S2-525844529,S3-145925139
S1-776755474	S2-926803788,S2-204485618,S2-960970964,S3-793877966
S1-7029542	S2-241558760,S2-563425916,S3-193973500,S3-607855328,S3-105049969
S1-465371823	S2-129096831,S3-818854917
S1-707782242	S2-533531322,S3-454289303,S3-569230216
S1-919529719	S2-127807074,S3-155153544,S3-133941467,S3-122205945
S1-725913461	S2-116704597,S3-163101985
S1-32677738	S2-143847997,S3-306171095,S3-951913641
S1-744300793	S2-839629994,S2-776083394,S2-42991613,S2-225445446,S3-476134166,S3-849171609,S3-737436175
S1-468118516	S2-942262125,S2-212772803,S3-202653360,S3-407268007,S3-310632186
S1-568485477	S2-213199261,S3-578868633
S1-669870051	S2-138965988,S3-310718322,S3-400230767,S3-171249526,S3-918338751
S1-415387940	S2-62437274,S3-9578662
S1-807004356	S2-370567662
S1-299995446	S2-418475567,S3-650105635,S3-585335789,S3-338822
S1-665272235	S2-9640092
S1-636086367	S2-261483165,S2-339775552,S3-905965646
S1-436994877	S2-270962555,S2-405223987,S3-931986783,S3-590833576,S3-926612503
S1-283985549	S2-343485342,S3-253527408
S1-291608573	S2-596398787,S3-528174977
S1-95246987	S2-737676298,S2-614715417,S3-743524836,S3-316707953,S3-341845495,S3-578377385
S1-140410853	S2-508867514,S2-646266606,S2-444847833,S3-603187147,S3-51813076,S3-771087316
S1-465658290	S2-737310907,S3-548154160
S1-94446158	S2-571767983,S3-301704875,S3-585508696
S1-354244869	S2-483933399
S1-790521767	S2-672180404,S2-728903646,S3-888101482,S3-329621642,S3-474502871
S1-232288883	S2-365617976,S2-917578596
S1-23624449	
S1-82163842	S3-507200842
S1-183235572	S2-259034447,S2-397422553,S2-584382888,S2-910523667,S3-311145376,S3-651362863,S3-62311519
S1-598014910	S2-686965661,S3-515200692,S3-223791099
S1-714079881	S2-802385058,S2-864106978,S3-436337532
S1-379631122	S2-71031902
S1-516887444	S2-960890547,S2-389890483,S3-551965726,S3-655654957
S1-246844238	S2-733202730,S3-135425190
S1-730390346	S2-306777931,S2-599544735,S2-201359575,S2-911218650,S3-204428505
S1-431549235	
S1-575824749	S2-292214816,S2-172107121,S3-100909963,S3-58120248
S1-819007632	S3-337664139,S3-547724945,S3-872386432,S3-654876790
S1-366538983	S3-335932422,S3-989810968
S1-759776207	S2-588826810,S2-19203380,S2-284779539,S3-746833836
S1-436221709	S2-755844670,S3-827272051,S3-305089261,S3-614483295,S3-19579351
S1-121586632	S2-977846783,S2-498685171,S3-210134892
S1-473872953	S2-97668655,S2-820026336,S2-221625816,S2-32854722,S3-899319896,S3-179097669
S1-60490751	S2-725269375,S2-662159106
S1-408224983	S2-152094326,S2-593160787,S2-531118243,S2-748726544,S2-3545610,S3-714770348,S3-886482356
S1-527818224	S2-327387516,S2-779896964,S3-288542497
S1-764769373	S2-580899708,S2-718170972,S3-864592406,S3-891109301,S3-207025792,S3-876321130
S1-916603429	S2-506652536,S2-368591763,S3-831466606
S1-263854686	S2-354936801,S2-591996614,S2-549463370
S1-620965338	S2-80922634,S3-850461734,S3-434076847,S3-186707660,S3-130726227
S1-306835759	S3-19985393,S3-720760844
S1-598167773	S2-409812670,S3-578236278
S1-474752946	S2-118582342,S2-326497611,S2-526358528,S2-569620857,S3-921036957
S1-228229787	S3-533860744,S3-766666762
S1-506617149	
S1-156685442	S3-121481713,S3-834072455
S1-927557769	S2-439953084
S1-278899619	S2-448403829,S2-904157124,S3-138811074,S3-8843346,S3-927496576
S1-207804143	S3-527123870,S3-865317109
S1-336954819	S2-174230246,S2-526228253,S3-341454727
S1-978004735	S2-409550928,S3-907247133,S3-50543543
S1-643834744	S2-163987584,S2-518196214,S3-951219051
S1-55150336	S2-755565194,S3-858629454
S1-694254644	S2-786538506,S3-757643397
S1-594354869	S2-954416582,S2-640439978,S2-878355503
S1-734812559	S3-334854181,S3-450997235,S3-961524303,S3-93063701
S1-395747417	S2-108740496,S2-100653756,S2-635422727,S2-899843833,S3-55048406,S3-94783038,S3-272523473,S3-113578707
S1-133726642	S3-283754890,S3-289998044
S1-815964115	S2-666880525
S1-10459565	S2-323747257,S2-603829974,S3-878782457,S3-883508831
S1-162657603	S3-911922803,S3-667267360,S3-837869884
S1-515583222	S2-365619259,S2-177285153,S2-484395673,S2-602127167
S1-64429589	S2-668651196,S2-705470060,S2-513724267,S2-154190462,S3-614290857,S3-493912852,S3-280287974
S1-216916804	S2-833054691,S2-465750428,S3-532193271,S3-529367419,S3-414873348,S3-711168028
S1-108133529	S2-186395252,S3-678081547,S3-472693107
S1-16446879	S2-74648913,S3-79471942
S1-996291079	S2-805638426
S1-263085782	S2-244117712,S3-540919753,S3-31117533,S3-690216704
S1-707057441	S2-497784617,S3-590714273
S1-154351391	S2-985165682,S2-355503562,S2-520695062,S3-518962359,S3-741676154
S1-682184933	S2-355126937,S2-61542451,S2-869353293,S3-424012230,S3-122200252
S1-775107858	S2-163131467,S3-519881626,S3-400512672,S3-831222994
S1-334650060	S2-266581939,S3-7589930,S3-278150037,S3-472020961
S1-849630374	S2-928811920,S2-922844918,S2-545709582,S3-778666281
S1-63360202	S2-659850448,S3-276545589
S1-440751205	S2-464878559,S3-729992199
S1-698710662	S3-539133176,S3-740085662,S3-195019504
S1-47769331	S3-334505387
S1-945360391	S3-707342363,S3-319877442,S3-852985249
S1-506616978	S2-924124290,S3-573560182,S3-99219016,S3-353019793
S1-283538407	S2-67631654,S2-745326297,S3-74712448,S3-274842919,S3-127535638
S1-720342918	S2-134214770,S2-821683261,S3-752725385,S3-795594265,S3-256964322,S3-443993358
S1-549240253	S2-901754462,S3-925710503,S3-156801535,S3-345494236,S3-381697413,S3-274690092
S1-750864938	S2-95465081,S3-929127091,S3-535753355,S3-11160035,S3-395106705,S3-428093608
S1-220084921	S2-123894668,S3-682298984
S1-343273828	S2-182220381,S2-8052130,S2-392432407
S1-317363337	S3-922841578,S3-498261582
S1-540466437	S2-150697995,S3-690378084,S3-806975320
S1-905916694	S2-584191928,S3-34373681,S3-254384697,S3-483633930
S1-935810789	S2-828959617,S2-960483599,S3-879815246,S3-587532588
S1-431598643	S2-557470428,S3-441686246,S3-618161908
S1-76835099	S2-879713193,S3-269856430,S3-433376363,S3-215042462
S1-391150694	S2-526743167,S2-450588039,S2-482495295,S2-804226739,S3-577744788,S3-240905158
S1-628680569	S2-398936374,S2-78647188,S2-861493807,S3-697553557,S3-448854
S1-299677751	S2-712247416,S2-134967851,S2-469413272,S3-933980742,S3-564009251,S3-996775482,S3-315561643
S1-454802421	S2-497738385,S3-814957974,S3-678901910,S3-715344787
S1-808949240	S2-18086046,S3-431631814
S1-667284300	S2-739486133,S2-640138194,S2-715413012,S3-297330714,S3-415435393
S1-717108073	S3-297528399
S1-866533397	S2-59545528,S2-220035654,S3-920963411
S1-271891359	S2-233200573,S3-919785804,S3-564111477,S3-794010460,S3-75552429
S1-162442089	S2-835440062,S2-772568032,S3-170209649,S3-814531991
S1-492285617	S2-457961464,S2-708020691,S3-992898867,S3-574770341,S3-904943891
S1-211251594	
S1-90508168	S2-45836149,S2-861915114,S3-386725381,S3-766905751,S3-627133013
S1-831268867	S2-38523570,S3-772021222
S1-739584172	S2-281591901,S2-845823942,S2-985728826,S3-986497548,S3-527496741
S1-771762254	S2-271075364,S3-13331131,S3-331474975,S3-79985116,S3-174695626
S1-210499018	S2-17345151,S3-656642396
S1-629474007	S2-432388351,S2-27247198,S2-690955175,S3-703158007,S3-183212780
S1-716259203	S2-26612303,S2-750631363,S2-451429305,S2-884058872,S3-106593769,S3-486376593,S3-188152501
S1-715595521	S2-580860625,S3-759035347,S3-74163156,S3-865294456
S1-816345725	S2-973389948,S2-801102223,S2-336478827,S3-343847319,S3-49090864,S3-305401408
S1-612826948	S2-156091745,S3-986607114,S3-229641350,S3-561201035
S1-443276260	S2-536038937,S2-400531470,S3-545781835,S3-37918729
S1-495291598	S2-506487622,S2-893325997,S3-417604625
S1-840854323	S3-582922505
S1-13263134	S2-374304328,S2-90729985,S2-766338044,S2-828404686,S2-493193236,S3-410632003,S3-390107375
S1-306211548	S2-341889444,S2-544297652,S3-811455548
S1-780823360	S2-90283234,S3-768221888,S3-306526510
S1-589666205	S2-58940687,S2-117508011,S2-727724788,S2-821171216,S3-647327019
S1-570239793	
S1-812468044	S2-629697756,S3-362131367,S3-867070597
S1-401204594	S2-555600947,S2-875819420,S3-563805051
S1-388203613	S2-815961481,S2-216591413,S2-766166822,S3-113205172,S3-721282192,S3-93424226
S1-441630804	S3-126440533,S3-65099325,S3-327882373,S3-803495721
S1-333239676	S3-418385493,S3-258343936
S1-963108098	S2-858778101,S2-504891354,S2-362391239,S2-830115467,S2-95698022,S3-728187759
S1-105994064	S2-348521003,S2-594396063,S2-676493275,S2-561450823,S3-208093746,S3-32858037,S3-448440351,S3-709600544,S3-316686992,S3-655353172,S3-537166129,S3-747497244
S1-768135650	S2-387653911,S3-441541883
S1-355877718	S2-431227108,S2-193853638,S2-707056557
S1-415400097	S2-915602352,S3-552772693,S3-228600856,S3-441486592
S1-833585060	S2-87188878
S1-3548629	S2-480078604,S2-658842746,S3-305583405
S1-452583127	S2-710427274,S3-35890400,S3-29789424,S3-516268872
S1-210978493	S3-608696109,S3-478844941
S1-827710942	S2-865175112,S2-80363853,S3-245004248
S1-976475136	S2-720211399,S2-479002992,S3-488512219,S3-581448056,S3-262271497
S1-728171105	S3-404418801,S3-918785342,S3-603401457
S1-791059997	S2-75578153,S2-444037261,S3-387405712,S3-826552928,S3-42916615,S3-951931100
S1-644148320	S2-374980172,S3-752344988,S3-784210221
S1-726216331	S2-305179012,S3-234749722
S1-846357873	
S1-342951831	S2-385683558,S2-888044085,S3-611136768,S3-98624171,S3-691660516
S1-135099760	S2-76911972,S2-999898449,S3-194751530,S3-715146966,S3-511232526
S1-714067909	
S1-346094403	S2-710499038,S3-313195298
S1-243236242	S3-442661092,S3-266596107
S1-210146847	S2-614570217,S2-471500778,S3-824343104
S1-74346191	S2-788851404,S3-214589239,S3-775088270,S3-658377567,S3-359614143,S3-913761948
S1-110418596	S2-120130834
S1-673637219	S2-559120812,S2-880782571,S3-780156444
S1-181819964	S2-937799036,S2-399004868,S3-580418111
S1-445520074	S2-830656988,S2-409092327,S2-588023141,S2-829837330,S3-919048771
S1-286670231	S2-981653532,S3-199390656,S3-185638228,S3-294494760
S1-284126036	S2-653667114,S2-359859001,S2-201308328,S2-480598370,S3-687043888
S1-622654527	S2-958397764,S2-23692179,S2-322430774,S3-832612838,S3-274401164
S1-955714374	S2-331758358,S2-398969757,S2-642452128,S3-288127503
S1-13421485	S2-625093129,S3-402115836
S1-192939249	S3-939827009,S3-321740032
S1-992938686	
S1-728071474	S2-179505491,S2-582236413,S2-659157220
S1-483199532	S2-763717753,S2-63566969,S3-91634154,S3-247319425
S1-562583127	S2-318063618,S2-775915153,S2-763817999,S3-555237022,S3-821732773
S1-74653114	S2-367552524,S2-169893965,S3-379527775,S3-114120537,S3-675449369,S3-766874987
S1-187235323	S2-710092212,S2-827954483,S3-325541709,S3-249617848
S1-456450816	S2-71348642,S3-815740725
S1-484217155	S2-682384290,S2-396744701,S2-283832235,S3-66829638,S3-621012337
S1-314546470	S2-832752487,S2-898527306,S2-846732902,S2-633571008,S2-587855586
S1-432919128	S2-218223273,S2-828519432,S3-712413040
S1-405539317	S2-986303583,S2-879121282,S3-319504807
S1-448724215	S2-161086712,S2-333508355,S3-316839265,S3-637941761
S1-3691239	S2-264200871,S2-132692310,S3-546507342
S1-852712186	S2-731370851,S3-896279896
S1-439936870	S2-975908185,S2-916246048,S3-257347758
S1-257424560	S2-810333070,S2-445607864,S2-558799748,S2-952471325,S3-547865546,S3-665221436
S1-630651078	S2-684643506,S2-95452377,S3-432825824,S3-825964355,S3-541917778
S1-95528421	S3-348013899,S3-747268721
S1-454866261	S2-992542398,S3-133857765
S1-851650494	
S1-960311166	S2-70961048,S3-281064324,S3-311086000,S3-610913410,S3-118135629
S1-197981349	S2-480154634,S2-187102312,S3-157798330
S1-651515941	S2-775691609,S2-198957982,S2-91418519,S3-14479548,S3-365381025
S1-70822873	S2-523515932,S3-641166134,S3-229766972,S3-876123885
S1-528167894	S2-257918755,S2-439668306,S2-833891748,S3-430895985
S1-671126660	S2-628877123,S2-62997751,S2-879674781,S3-748581292,S3-240157628,S3-411612731
S1-57894782	S3-705655287
S1-322358360	S2-873643735,S2-606176222,S3-514457720,S3-72888918,S3-774592069,S3-173222397
S1-549445098	S2-317641812,S2-955325393,S3-702833102
S1-757370873	S2-606110528,S2-137272536,S2-117560329,S3-155602782
S1-913775724	S2-707050340,S3-575011515,S3-218039512,S3-725193128
S1-397555731	S2-700826517,S2-571461983,S2-503275073,S3-801558425
S1-811366506	S2-251531222,S2-783162359,S3-891395164
S1-85672105	S2-91025279,S2-345036219,S2-4485018,S3-126063366
S1-775742331	S2-26265636,S2-385752461,S2-975210667,S3-316406654,S3-586686709,S3-256695435
S1-625153781	S2-301614179,S2-706380293,S3-333905610,S3-879334659
S1-82882147	S2-646292809,S3-754107911,S3-818428997
S1-246771260	
S1-105334146	S2-694988148,S2-652403127,S3-758556965
S1-652202046	S2-517916184,S3-994396067
S1-347851016	S2-43611583
S1-610083316	S2-815693598,S3-160492642,S3-371270189
S1-434847246	S3-214479101
S1-31753683	S2-107104155,S3-799594528,S3-746462824,S3-486582458
S1-790149645	
S1-719775404	S2-885731037
S1-623945047	S2-892864677,S3-912310267,S3-434247043,S3-304128027
S1-22652693	S2-800266590,S3-506736731,S3-851637292
S1-277377920	S2-104515290,S2-920343251
S1-949105439	S2-985857591,S2-96777692,S2-469558649,S3-396624748
S1-894253368	S2-927099074,S2-843842791,S2-915890827,S3-610078826
S1-551580984	
S1-438092418	S3-639330196,S3-866420479,S3-593410153
S1-205322546	S2-646838574,S3-887689433,S3-48368827
S1-946073994	S2-509189531,S2-491196960,S2-397512923,S2-67811000,S3-471860023,S3-511029779,S3-823798586,S3-812376986,S3-143971477
S1-767519231	S2-510185216,S3-282094579,S3-822522414
S1-17833262	S2-392587027,S3-72419815
S1-709949202	S2-117441308,S2-357726933,S2-5840364,S2-15995002,S3-658123903
S1-907766936	S2-596445373,S2-118464025,S2-498259221,S3-27236854,S3-61047601
S1-924150937	S2-599474195,S2-561059125,S2-823354507,S2-491837597,S2-934893759,S3-546351922,S3-676387018,S3-185790461,S3-240263006
S1-627358152	
S1-498352099	S3-178704615
S1-14866099	S2-799516170,S3-519060003,S3-841205889
S1-826150712	S2-73002548,S2-980470394,S2-246697067,S3-574030431,S3-485937582
S1-159301101	
S1-743314341	S2-133238346,S2-636696050,S2-771875716,S2-759626909,S2-594082009,S2-530136511,S3-728182665,S3-342182430,S3-71738686,S3-817887879,S3-175562432,S3-544787107
S1-257182022	S2-983831809,S2-387865694,S3-251377657
S1-987752445	S2-64978133
S1-789037213	S2-174940112,S2-45823361,S3-670409336
S1-197727862	S2-221038342,S3-502945292
S1-769567685	S2-768878768
S1-489260119	S2-898887850,S2-102109250,S3-910023248,S3-806119522
S1-851055624	S2-467159495,S2-340850179,S3-861099786,S3-409741011
S1-354455611	S2-720471537,S2-144220385,S2-588745073
S1-399371867	S2-404588184
S1-375579069	S2-26608455,S2-352911162,S2-221340322,S2-243026570,S3-825146024,S3-589381224,S3-622343257,S3-699982592
S1-387856021	S2-365436159,S2-507872918
S1-252068059	S2-254407164
S1-506221833	S2-453170317,S2-474507457,S3-891113796,S3-48639347
S1-617543495	S2-177010632,S3-593316426,S3-598488001,S3-532281449,S3-393112939
S1-110042519	S2-154758709,S3-210878776
S1-972726859	S2-460353165,S2-764500503,S3-804031932,S3-288906693
S1-38451528	S2-898943442,S2-825667392,S3-770668883,S3-361178919
S1-34983322	S2-118314203,S2-452742972,S3-12493830,S3-782773361
S1-781854374	S3-67030840,S3-851737219,S3-223680015,S3-729303373
S1-141407942	S2-27748995,S3-41174901,S3-96756872
S1-267378563	S2-439163135,S2-457730886,S2-953998231,S2-665473985,S3-74821799,S3-939243798,S3-913668516,S3-654036925
S1-428513969	S2-971986611,S2-827152832,S2-176820399,S2-490824656,S3-93234366,S3-728764152,S3-346084086
S1-522096220	S2-120728003,S3-802989470,S3-730256102
S1-177049354	S2-18105784,S2-710853460,S2-684282836,S3-794559660
S1-925358109	S2-625574078,S3-316085948
S1-979547986	S2-121985859,S2-592858578,S3-542159363,S3-218157870
S1-652950277	S2-940122499,S2-646517712,S2-307157919,S3-952064236,S3-96755528,S3-342436615
S1-923766391	S2-114096912,S3-746728066
S1-394642076	S2-692412234,S3-470698815,S3-391537498,S3-43208533
S1-162881013	
S1-758778797	S2-464863920,S2-934864950,S3-519169701
S1-946474334	S3-20920187,S3-637763505
S1-662502009	
S1-331707670	S2-783540262
S1-167833578	S2-154492366,S2-81599697,S2-261915523,S2-879587511,S3-636426574,S3-962655526
S1-840448762	S2-147144664,S3-180551383,S3-997212194,S3-585081631,S3-762901566
S1-136137906	S2-580572542,S3-774378995
S1-476492862	S2-521076142,S2-746547328,S2-359665539,S2-364945244,S3-489470653,S3-928712793,S3-263487057,S3-754162959
S1-76844888	S2-996244700,S2-53012486,S2-351881741,S2-272819564,S3-489364096
S1-44803560	S2-883010954,S3-467264587
S1-127371136	S2-40730952,S3-299892332
S1-992803857	S2-686746730,S2-349484936
S1-827303594	S2-815922643,S2-277249540,S2-11776425,S2-153528950,S3-615663691,S3-60779992
S1-678219668	S2-865607519,S3-147009475,S3-848477613,S3-60142583
S1-692496075	S2-320520509,S2-626094338,S2-363714701,S2-115741380
S1-216408248	S2-158076477,S2-522991356,S3-883956865,S3-363109787,S3-176597789
S1-547528968	S2-844670499,S2-955808237,S2-445789561,S3-814372017,S3-787704121
S1-80005094	S2-217257309,S2-757248452,S3-241502841,S3-297118850
S1-398771695	S2-572963717,S2-352125696,S2-354952536,S3-522857874,S3-601991816,S3-865076601,S3-611536772
S1-994407008	S2-389463720,S3-562695097,S3-276127426,S3-96739132
S1-953380015	S2-400058052,S2-962456820,S3-654755883
S1-646807832	S3-887591417
S1-88597680	S2-204803881,S2-486450464,S2-358615507,S3-195385799
S1-521720736	S2-681564131,S2-557317606,S2-952389426
S1-302253652	S2-959350631,S2-112307824,S3-506819336,S3-306466920
S1-351659438	S2-325585613,S3-253704646,S3-45856996,S3-666433547
S1-290238589	S2-467852504
S1-847877954	S2-960849427,S2-751615625,S2-684133822,S3-45656796,S3-458506983,S3-434083795,S3-417953232,S3-453891768
S1-669982429	S2-918472770,S3-217464861,S3-574489310
S1-432635859	S2-208490622,S2-931537612,S3-233248331,S3-960290667
S1-988184895	S2-88749395,S3-330154545
S1-219806298	S2-623362286,S2-614336338,S2-679398963,S3-505326227,S3-571916344,S3-515072235
S1-242765065	S2-277902398,S2-166666570
S1-12838861	S2-759490591
S1-429982774	S3-133236210,S3-351656024
S1-868715737	S2-8373809
S1-392877917	S2-577051763,S2-757955336,S2-99860542,S3-699455006,S3-858382654,S3-496544585,S3-116527247
S1-705984118	S3-473673530,S3-269981486
S1-88623617	S2-236380437,S3-487818785
S1-367729398	S2-285952711,S2-734985649,S2-935693543
S1-726670510	S2-582295889,S2-110386358,S2-492707873,S2-385731178,S2-815986597,S3-354033197,S3-709457164,S3-719632023
S1-232163492	S2-889522346
S1-823788524	S2-220887830,S3-845957851
S1-136227642	S2-780411081,S2-7209322,S3-354205432
S1-9051645	
S1-46843784	S2-693539629,S2-695628510,S3-621466381,S3-300687206,S3-47258712
S1-668762034	S2-134977737,S2-182303667,S3-466785305,S3-924261530,S3-382437548,S3-719997389,S3-134782017
S1-485331101	S2-569065423,S3-587371883
S1-745059498	S2-304822745,S2-208167158,S3-429095061
S1-182352008	S2-639807628,S2-490797735,S2-11647213,S2-295417055,S3-278206651,S3-941086644,S3-984527289
S1-269480237	
S1-917900366	S2-222966392,S2-96068330,S3-48312777
S1-266914077	S2-236268100,S2-99362005,S3-583448936,S3-82318270,S3-965548811,S3-26807006
S1-654815541	S2-438050788,S2-974911526,S2-557176706,S2-409262398,S3-400849569,S3-814240506
S1-809013510	S2-224846980,S3-723028106
S1-795462117	
S1-506844307	S2-48336723,S2-80862944,S2-379436247,S2-309330203,S3-998273127,S3-146150367,S3-615001904
S1-347075165	S2-772348188,S2-606609313,S3-178943468,S3-841420348,S3-996940629,S3-337659266
S1-945978335	S2-122013737
S1-497891937	S2-825409776,S2-262739871,S2-981960607,S3-336764999,S3-688200368
S1-710145831	S2-254542805,S2-155499434
S1-557325761	S2-281135741,S3-673250188,S3-375974969
S1-848145225	S2-841588077
S1-271876796	S2-638900086,S2-643582669,S2-717908957,S3-323774908,S3-390910914,S3-934129628
S1-138208605	S2-456659828,S3-552998883,S3-620611336,S3-337057575
S1-192112139	S2-628193668
S1-69935419	S2-605769155,S2-101028966,S3-695595314,S3-3099620
S1-354911905	S2-476197038,S2-750370999,S3-841599775,S3-234855216,S3-48873359,S3-202208250,S3-605867807
S1-943740563	S2-703090805,S2-743911427,S2-762187305,S2-95326450,S2-770401099,S3-228896556
S1-151157495	S2-625349619,S2-526920180,S2-716084166,S2-973341118,S3-279525855
S1-952347082	S2-258855053,S3-941053772,S3-975905100,S3-802628802
S1-862699295	S2-547084158,S2-172552475,S2-658192465,S3-896160803,S3-513897916,S3-776530495,S3-72305824
S1-75966225	S2-457511133,S3-746780604,S3-298256530,S3-414971109
S1-57159397	S3-985596067,S3-128907469,S3-847791146,S3-517681404,S3-133198773
S1-31347471	S2-716668529,S3-919251185,S3-886682079
S1-190474416	S2-759767636,S3-359227244
S1-346536239	S2-824277314,S2-263335069,S2-938021770,S3-693627252,S3-990549317,S3-928798235
S1-892135269	S2-107638372,S3-457640555
S1-977737523	S2-393478613,S3-638528990
S1-14397657	
S1-379187097	S2-682947378,S3-673553189,S3-637372940,S3-614168841
S1-475756218	S2-798144210,S2-422598499,S2-922069977,S3-499862390
S1-678942467	S2-219998216,S2-273639239,S2-359637890,S3-49051007,S3-944475513
S1-583499446	S2-676642873,S2-530485602,S2-303719889,S3-227057690
S1-319123315	S2-235616816,S2-524443,S3-793646372,S3-647943388,S3-212352151,S3-555816435
S1-549104471	S2-217766475,S2-166893110,S2-623934346,S3-575677881,S3-401331785,S3-597098566,S3-677475348
S1-248931969	S3-788884887
S1-414932577	S2-616103063,S2-211554335,S2-720308961,S3-470597563
S1-948766817	S2-211417633,S2-512065501,S3-151348532
S1-959517787	S2-812851569,S3-865193984,S3-855557418,S3-81616536
S1-918497265	S2-285029577,S2-148610981,S3-75380787
S1-410139187	S2-996096579,S3-262091942
S1-976521663	S2-880470465,S2-399758242,S2-775099662,S2-663540389,S3-455006295,S3-372360981,S3-114128291
S1-579879425	S2-841453155,S3-918863542,S3-788099907,S3-31935458,S3-125651941,S3-102534904
S1-598483634	
S1-893200955	S2-527116055,S3-713804350
S1-218272294	S2-960077432,S2-757046720,S2-940062396,S2-215627316,S3-3189922,S3-590173665
S1-722291185	S2-806482426,S2-650386058,S3-112842084,S3-733638065
S1-980004950	S2-564400398,S2-625877101,S3-450188859,S3-219001004
S1-559167236	S2-216622223,S2-569056149,S3-464749948,S3-135160657,S3-342811584,S3-711384646
S1-244617086	S2-832434642,S3-638526735
S1-533126499	S2-347014219,S2-301999163,S3-537899223
S1-89393216	S2-660539481,S3-664164027
S1-273121201	S2-680743304,S2-265730226,S2-925689580,S3-668558534
S1-315347506	S2-599796962,S2-242547643,S3-295651156,S3-629276230
S1-316484869	S2-349293977,S2-570780644,S2-359370507,S3-623253228,S3-342867884,S3-310655902
S1-611897081	S2-427525064,S2-798221722,S3-120674903,S3-97724659,S3-301600077,S3-493259066,S3-929823044
S1-494090197	S2-894050438,S3-463914366,S3-72431634,S3-408478445,S3-786432574
S1-745376303	S3-650595731,S3-491093382,S3-694648389
S1-439896911	S2-100509344,S2-955131933,S3-983947265,S3-349277131,S3-429483380
S1-372285376	S2-273450418
S1-339930040	S2-180821669,S2-115187246,S2-850268517,S2-990686973,S3-216414820,S3-288459264,S3-342364541,S3-583110598
S1-341173150	S2-485268823,S2-553933324,S2-235909430,S3-703472144,S3-421667595
S1-11559198	S2-166578529,S2-86290430,S3-163691600,S3-756111809
S1-672720036	S2-470813302,S3-85235563,S3-829119598,S3-28837639
S1-149472874	S2-249518156,S2-602984292,S3-97192262
S1-681404732	S2-82365903,S2-226966314,S3-94504230,S3-238838269
S1-741544048	S3-65428944
S1-117374073	S2-647987767,S2-88761651,S2-517499330,S3-166738843,S3-520132365,S3-623000758
S1-258091290	S2-645465495,S3-928412843,S3-864586873,S3-931850255
S1-265603031	S2-219630142,S2-227095845,S3-280276180,S3-722274939,S3-380629778
S1-89072332	S2-343599743,S2-149825995,S2-979314000,S2-189745863,S3-716605117,S3-180638962
S1-360755167	S2-695417055,S2-483494046,S2-591668046,S3-52794783
S1-396560502	
S1-500308575	S2-453415217,S2-631226034,S3-998594855,S3-450930309,S3-243844631
S1-837067731	S2-902429483,S2-4947870,S2-267031611,S3-46136692,S3-436617370,S3-629065173,S3-295163627,S3-746237003
S1-398156689	S2-332717318,S2-972024706,S2-768451128,S3-760938191
S1-495577357	
S1-546182661	S2-397671996,S2-698368124
S1-648674922	S2-496471062,S2-178403454,S3-650191322,S3-546906605,S3-771845230,S3-99935204,S3-632990725
S1-1900469	S2-377193299,S3-757946978
S1-677620581	S2-715748937,S3-482109060,S3-210066842,S3-208962466,S3-230953478,S3-251881653,S3-31090129
S1-671904040	S2-861456653,S3-752901914
S1-861523355	S2-715752966,S2-996092920,S2-140651719,S3-864975150,S3-970471025
S1-372249803	S2-126553761,S2-948179539,S2-432978362,S2-925566899,S2-914322607,S3-535117333,S3-733255736,S3-423825824
S1-572790160	
S1-122342758	S2-784908705
S1-774465555	S2-758634320,S2-168009689,S3-465611692,S3-730308530,S3-491632868,S3-184117400
S1-196224130	S2-878834663,S3-705751416
S1-451281826	
S1-159545842	S2-584912182,S2-278837128,S3-965758181
S1-173401201	
S1-65034685	
S1-814039696	S2-669463030,S3-83930639,S3-26871527
S1-603272005	
S1-515623482	S3-310542915,S3-746676592,S3-806587417,S3-39088646
S1-526311181	S3-590734172,S3-613584947,S3-777098379,S3-968673145
S1-205956492	S2-931165726,S3-547666587
S1-261226148	S2-257775584,S3-892500381,S3-794394171,S3-308848899
S1-531042031	S2-280040113
S1-906652330	S3-626966241,S3-567441263
S1-980918863	S2-80066848,S2-94804260
S1-332395916	S2-226984681,S3-702368182
S1-404150193	S2-522802736
S1-34532252	S3-964411858
S1-755610763	S2-877420542,S2-866329967,S3-433798276,S3-422218145
S1-8853314	S2-637677263,S3-722490952
S1-825251999	S2-108265504,S2-42911631,S2-641870,S2-641803204,S2-901086659,S3-333499584
S1-510504700	S2-104219734,S2-379877737,S2-791746445,S3-999305799
S1-828397431	S2-527978073,S3-606548569,S3-615575974,S3-687935019
S1-177674448	S2-865751494,S2-894115211,S3-373622269
S1-528837280	S3-232156820
S1-344502679	S2-622384328,S3-212449186,S3-73071202
S1-47824381	S2-88683381,S2-578469081,S3-395174911,S3-621506126,S3-239323837,S3-172936074
S1-232420456	S2-807313302,S2-648358047,S2-518995493,S3-271130278,S3-942308437,S3-338923413,S3-347298116
S1-606348149	S2-777710173,S3-92378091,S3-470774766
S1-351923899	S2-462908768,S2-302785046,S3-507005010,S3-669669673
S1-871507378	S2-363327784,S2-338289767,S2-614685291,S3-336364666
S1-185387090	S2-305016681,S2-394387291,S3-921960545
S1-74797846	S2-772618182,S3-266800673,S3-437522772
S1-512939599	S2-836291043,S3-742342095
S1-909305275	S2-354764741,S2-229558999,S2-405515232,S2-938005492,S3-210927717
S1-131155692	S2-211616093,S2-185723562,S2-680474343,S3-369652506,S3-626954493,S3-828279728
S1-118654142	S2-435921074,S2-920286068,S2-81506278,S2-243698149
S1-233237645	S2-326727824,S2-92075726,S2-184623510,S3-816382289,S3-277790612,S3-604257962
S1-449967506	S3-189274309,S3-415554768,S3-432617000
S1-840340606	S2-378451507,S2-233900167,S3-670619408
S1-670268028	S2-791405163,S3-764090871,S3-648693520,S3-163923144
S1-846952880	S2-744173405,S2-587569392,S2-495611789,S2-714627880,S3-142006810
S1-490623704	S2-277561410,S2-128174963,S2-235791291,S2-554947576,S3-985445102,S3-582289637
S1-274925692	S2-145600342,S2-397590474,S2-623711061,S2-529511492,S2-162859773,S3-871995894,S3-271764998
S1-6620369	S2-989396390,S2-832555484,S2-854464694,S3-462862167,S3-845813334
S1-713481667	S2-632495407,S2-435657114
S1-695490495	S2-160046463,S2-886672161,S2-51810039,S2-283581364,S3-334380406,S3-854117949,S3-264682156
S1-494945932	S3-680789314,S3-32577255,S3-499325374
S1-386152689	S2-748281682,S2-502614563,S3-375636869
S1-255599298	
S1-874643981	S2-685713349,S2-304950924,S3-973199741
S1-335226101	S2-679638783,S3-525475601,S3-304829152,S3-729927616
S1-581133117	S2-102578072,S3-149698931,S3-220820222,S3-616732139
S1-450667949	S3-686366027,S3-309981922
S1-163450525	S2-396767762,S3-272420206
S1-242507267	S2-418311465,S2-962844780,S2-99221189,S2-573380386,S3-663948718,S3-379502411
S1-521489044	S3-201140568
S1-434862335	S2-527899432,S2-477980819,S2-342471559,S2-954421965,S3-285374428,S3-729232845,S3-198529820,S3-373892979
S1-710793097	S2-590972102,S2-974970397,S3-792121660,S3-666746275,S3-41952633,S3-715456645
S1-453662024	S2-147297820,S3-230707200
S1-678468445	S2-276277104,S2-991786341,S2-890958454,S3-372783728
S1-538253391	S2-216726901,S2-428105688,S3-788691630,S3-220044513,S3-620529027
S1-950878680	S2-238460620,S2-305485425,S3-355992759,S3-330972339,S3-371859714
S1-388362966	S2-710031024,S2-65429537,S3-53026805
S1-878859622	S2-720832022,S3-150271545
S1-115386355	S2-384833438,S2-793220043,S3-947330758
S1-282608118	S2-470280819,S2-171809200,S2-501953936,S3-955953370
S1-907950947	S2-672442259,S2-623665196,S3-756570644
S1-908069361	S2-568515242,S3-973248189
S1-601165352	S2-909585552,S2-931968967,S3-621959080,S3-792119764,S3-401550950
S1-548385950	S2-571589325,S2-342204304
S1-131841284	S2-634647593,S3-322212114
S1-220552360	S2-906607453,S3-389753615,S3-725572056,S3-275733650,S3-692113679
S1-412616901	S2-8675117,S3-407528913,S3-128808512
S1-555369317	S3-595323354,S3-660519294,S3-953181855,S3-644754400
S1-334996447	S2-862130766,S2-434185581,S2-321356058,S2-621712034,S3-470163506,S3-105248569,S3-259683780
S1-438532591	
S1-277848190	S2-903868042,S2-336522564
S1-525028892	S2-502237084,S2-269350996,S2-665395942
S1-873442207	S2-179793528,S3-825183067,S3-60553694
S1-23618019	S2-833970400,S2-800824863,S2-819053810,S3-103894363
S1-123587258	S2-351836929,S3-723300713
S1-962280261	S2-998863529,S2-420325706,S3-739139000,S3-539027751
S1-860091475	S2-162681825,S2-681398493,S3-297432674,S3-806056253
S1-612058038	S2-185767773,S3-293635520,S3-311403760
S1-337300085	S2-913810769,S2-774240132,S2-529882759,S3-467184968,S3-532659004
S1-56876731	S2-958867858,S2-643068601,S3-908861418,S3-805868066
S1-722096611	S2-281805902,S3-27053704,S3-219460100
S1-531755243	
S1-76531594	S2-1176785,S2-208962668,S2-306524104,S2-892393743,S3-411631188
S1-99098432	S2-518444385,S2-143071737,S2-511148177,S3-11389829,S3-351450180
S1-8731816	S2-585026323
S1-864093388	S2-952930346,S3-276539131
S1-653023012	S2-158092774,S2-994181361,S3-212862568
S1-847840310	S2-550304518,S2-257896489,S3-238446915
S1-504035501	S2-355439390,S2-479144181,S3-320357458,S3-247665214,S3-141602419,S3-693486057,S3-155329992
S1-324844623	S2-109622055,S3-381394483,S3-672145051,S3-675676920
S1-204631479	S2-215014424
S1-320500349	S2-371141357,S3-199270205
S1-455312242	S2-733372826,S2-821682379,S2-877710581,S2-708235957,S3-386215053
S1-822340043	S3-853879397,S3-276919674
S1-672928103	S2-473984957,S2-918535655,S3-536547536
S1-114167540	S2-168824038,S2-886253700,S2-604951142,S3-17648303,S3-969954430,S3-211930489
S1-66154351	S3-696736408,S3-120653263
S1-749578382	S2-307694709,S3-723136299
S1-713906479	S2-951225024,S3-96001365
S1-209461488	S2-716733365,S2-416114630,S3-825977066
S1-516261021	S3-216247988
S1-871104119	S2-41615807,S3-401846201,S3-336986351
S1-67005936	S2-759727002,S2-256050724,S3-664459351,S3-437817705
S1-713921409	S2-876736383,S3-401789154,S3-298090301,S3-846742560
S1-329237081	S2-692432514,S2-646882543,S2-10273524,S3-331605164,S3-404467453,S3-299636672,S3-26194733
S1-285617979	S3-906938660,S3-139391606,S3-601982371
S1-861759929	S2-492307990,S2-879604416
S1-292595404	S2-731856122,S3-577667226,S3-93331440,S3-627371191
S1-28341566	S2-581453226,S3-522721526,S3-326308275
S1-803016938	S2-789992306,S3-495894271,S3-982121348,S3-2846830
S1-973310935	S2-772642820,S3-155456571,S3-224486814,S3-824704337,S3-444217839
S1-92606707	S3-104188653,S3-670008888
S1-694745232	S2-49240572,S2-747601837,S2-478613546,S3-343636216,S3-95989593
S1-144274940	S3-147757958,S3-190852694,S3-391294319,S3-568345326
S1-381401087	S2-460894198,S3-91217412,S3-829349797,S3-848193929,S3-768409248,S3-632796221
S1-152560873	S2-875169761,S2-204500117,S2-505475096,S3-159498124,S3-234771429,S3-675741461,S3-714603988
S1-591960471	S2-632824521,S2-168043604,S3-203182544,S3-860589956,S3-885455466,S3-484056441
S1-459442196	S2-632451895,S2-547949991,S3-375203289
S1-24394706	
S1-153146218	S3-928020652,S3-829164483
S1-722064328	S2-90355886,S2-422573701,S2-333448749,S2-651693218,S2-672400150,S3-932749072,S3-513044636
S1-329479952	S2-647303118,S2-984106441
S1-101154733	S2-678936981,S3-627729885,S3-774992846,S3-104975427,S3-80019656
S1-212677128	S2-447294161,S2-149624959,S2-700684504,S3-592321491,S3-155968444
S1-157330686	S2-862175867,S2-151541095,S3-162065219,S3-121333269
S1-926944361	S2-106720535,S3-221288322,S3-881457402
S1-932091383	S2-340782140,S2-563645514,S2-192266068,S3-542222563
S1-748958732	S2-583350326
S1-407654264	S3-316949427,S3-612256768
S1-960202214	S2-236595319,S3-785478881,S3-332227032
S1-326042432	S2-491029373,S3-832809574,S3-562263739,S3-336043317,S3-956455070
S1-26570538	S2-431242966,S2-744102947,S3-387029401
S1-115604131	S2-271276205
S1-814013173	S2-635089863,S2-460782098,S2-362737629,S2-498207862,S3-330719827,S3-747150774
S1-950047503	S2-281943478,S2-57020176,S3-432850919,S3-904297030
S1-816806651	
S1-753026938	S2-542863665,S2-285888351,S3-423137654
S1-321869706	S3-716470216,S3-794930402
S1-956145942	S2-975715954,S3-210589755
S1-102092317	S2-535696361,S2-627718109,S2-886139898,S2-658874793,S3-39781181,S3-637317935,S3-80755039,S3-529510373,S3-504438150,S3-411673399
S1-875778203	S2-252572720
S1-491794520	S2-474555717,S2-497204466,S2-235306202,S2-566794630,S3-692216647
S1-713348464	S2-95385904,S2-966747203,S3-284421325
S1-211142141	S2-284006150,S2-660154398,S2-781326095,S3-473045122,S3-466142882
S1-634610332	S3-260624007
S1-99954607	S2-558976634,S2-387411184,S2-596285912,S2-584116663,S3-353087549,S3-608953496
S1-244903500	S2-99727663,S2-7988355,S2-475832946,S2-636307981
S1-923688134	S2-718096441,S2-16463832,S2-975358086,S2-291075017,S3-894915191,S3-461239707,S3-22738891
S1-501413716	S2-797649400,S2-888570283,S3-443667339
S1-643973995	S2-505202593,S2-360738234,S2-527526300,S3-946679311,S3-28638105,S3-609074853
S1-566228328	S2-515071552,S3-953875780,S3-449749745
S1-127705396	S2-77392176,S3-24599404
S1-997853473	S2-108980490,S2-556566508,S2-752803988,S2-616531490,S2-142628493,S3-77145691,S3-830032349,S3-10462707,S3-573163561
S1-55480559	
S1-544612229	S2-388535190,S2-630641496,S2-622251847,S3-232174383,S3-276063220
S1-364411389	S2-991708042,S3-621453139,S3-593687347,S3-626650694,S3-393642048
S1-681088096	S2-66826360,S2-46270261,S2-626052550,S2-78483569
S1-203478566	S2-380666561,S2-271108628,S3-708870169,S3-198148729,S3-920085124
S1-476732670	S2-403848502,S2-519302081,S2-308871761,S3-905134451
S1-555579481	S2-772427064,S2-362288320,S3-9022958
S1-192569110	
S1-470791690	S2-557738561,S3-613952969
S1-43711739	S3-965962389
S1-665766977	S2-858142610,S2-528406359,S3-914342614,S3-793872415
S1-685756581	S2-120028544,S3-921665173
S1-853163688	S2-89213291
S1-353684891	S2-764344554,S3-664013958,S3-142677454
S1-945128774	S3-16768187
S1-426351934	S2-324631567,S2-865965729,S3-454591889,S3-621683189
S1-769727135	S2-250607569,S2-857659179,S3-601601012,S3-296617968
S1-452434765	S2-65043195,S2-501563110,S3-360873045,S3-69324749,S3-334449687,S3-975699872
S1-585986705	S2-687643685,S2-441923167,S3-71140728,S3-506709952
S1-247594164	S2-271149420,S2-105961770,S3-474159705
S1-199310468	S2-649295074,S2-669409655,S3-834807734
S1-427389120	S2-513131284,S2-181366463,S3-551480839
S1-515305398	S2-670278069
S1-268615618	S2-516840932,S3-3533114,S3-410848601
S1-716158090	S3-731177179
S1-172958490	
S1-965334558	S2-549339121,S2-922850427
S1-687807398	S2-234143349,S2-606419128,S2-594595982,S3-644974423
S1-603224529	S2-295694292,S2-524249969,S3-840292038,S3-188211403
S1-67971888	S2-442604921,S2-858443399,S2-871778746,S2-76467702,S3-34730668,S3-207566409,S3-297291866
S1-607475493	S2-601636054,S2-999434733,S2-88936628,S3-105470514
S1-634492363	S2-459419979,S2-34990088,S3-167652706
S1-307837973	S2-305352799,S2-780573088,S2-574643132,S3-64146394
S1-775486611	S2-225554548,S3-314409577
S1-135119694	S3-890251888,S3-899538328
S1-59454152	S2-734941439,S2-776636459,S3-372033891,S3-959488010
S1-44829369	S3-834744269,S3-133860087
S1-540464439	S2-989801,S2-598249983
S1-183650055	S3-947759682,S3-690597672
S1-288931430	S2-672134055,S3-258162524,S3-204101321,S3-83309894,S3-708056598
S1-835496695	S2-26568386
S1-533464021	S2-709045305,S2-218699730,S2-396077281,S2-516106859,S3-897496201,S3-922296131
S1-78371793	S2-750310615,S2-452962764,S2-866248652,S3-565433960,S3-748151951
S1-734135891	S3-385606839
S1-323952679	S2-483598532,S2-448843782,S2-234099014,S3-740701475,S3-20549881,S3-584481558
S1-772118004	S2-68463632,S2-901138642
S1-196773667	S2-472358998,S3-182896998,S3-468148761
S1-965957271	S2-975728440,S2-477669495,S2-276788614,S3-76219304,S3-550514139
S1-528903974	S3-55930025
S1-312513406	S2-891370689,S3-926494181,S3-370204727,S3-738651964
S1-728246746	S3-556952668
S1-333630891	S2-248357850,S2-566572292,S2-189709095,S3-18376290,S3-643228462,S3-584322205
S1-426176765	S2-483667560,S2-25308399,S2-869577761,S3-157230134
S1-79772049	S2-317573678,S2-519682429,S3-143161156,S3-447208886
S1-211191931	S2-618257696,S2-565112430,S3-866222142,S3-818765829
S1-84897919	S2-517098882
S1-623742372	S2-166012972,S3-270689419,S3-804409289
S1-779657425	S2-689527003,S2-819092164,S3-73546087
S1-979775568	S2-708674654,S3-687200677
S1-962624367	S2-29694526,S2-375488656,S2-880951325,S3-740426164,S3-464187542
S1-871544882	S2-837219999,S2-791971682,S2-147003694,S2-992627466,S2-306478227,S3-500127849,S3-510735597
S1-466875253	S2-416316142,S2-279190087,S2-988867675,S2-297560783
S1-553289156	S2-495358765,S2-526582754,S3-463594350,S3-522732837
S1-285198980	S2-315966998,S2-988827254,S2-264375672,S3-942420197,S3-554364793
S1-893139601	S2-205164539
S1-804423982	S2-893008895,S2-965933225,S3-161907004,S3-788417428
S1-74577228	S3-649005607
S1-774719750	S2-187336737,S2-230766783,S3-977473131,S3-299561614,S3-596238881
S1-538239829	S3-752487213,S3-486880597,S3-420022191
S1-505093692	S2-382290074,S2-607693904,S3-606487210,S3-847300257
S1-105462604	S2-771142266,S2-831633865,S2-951244314,S2-406250609,S3-29484120,S3-151874333,S3-695217099
S1-263401495	S2-933431234,S2-424932076,S2-275225080,S2-973444520,S3-127646944
S1-962572205	S2-658022839,S2-30084138,S2-397387960,S2-404645388
S1-484151099	S2-981415634,S2-754949223,S2-762600682,S3-875970707,S3-608361077
S1-600479922	S2-22336917,S3-480132039
S1-710030819	S2-462013034,S2-458166844,S3-743337147
S1-400950017	S2-873112946,S2-625035616,S2-602085255,S2-571511825,S3-731913030,S3-555869094,S3-336920550,S3-925430343,S3-817962776,S3-505967753
S1-664533739	S2-424880152,S2-709162953,S2-142952739,S2-618225870,S3-290691545,S3-176985068,S3-10918356,S3-29205741
S1-641521538	S2-776831182,S2-293254085,S3-595399629
S1-574132867	S2-208247463,S2-731857583,S2-174657874,S3-706651983,S3-739882783,S3-68377848
S1-328584708	S2-994157679,S2-44936449
S1-556477229	S2-696964363,S2-818480149,S3-961725003,S3-954804568
S1-859753923	S2-236388751,S3-280267697,S3-352123173
S1-293570372	S2-334273734,S3-138004424,S3-792177221,S3-27971429
S1-563807678	S2-274098839,S2-267192898,S3-206317021,S3-512873303
S1-587243353	S2-560000013,S3-863671518,S3-501160482,S3-770529513,S3-461056332
S1-731704475	S2-832484398,S2-758189724,S3-412716108
S1-673552678	S2-780676697,S2-649290887,S2-996155011,S3-879488659
S1-715816473	S2-504053221,S3-593353103
S1-161340366	S2-698142732,S2-702922998,S2-845547427,S3-285321863,S3-384682206,S3-557972543,S3-210864094,S3-814253091,S3-670611950,S3-805571778
S1-383997538	S2-341415432,S2-372609774,S3-468386161,S3-377079920
S1-894657764	S2-482750835,S2-940205456,S3-400336308,S3-431391630
S1-466341745	S2-978163055,S3-65745978,S3-124918393
S1-78249158	S2-741208670,S3-668880855,S3-456024039
S1-907988767	S2-704356897,S2-573787959,S3-707374935,S3-353699624,S3-835372003,S3-231200948
S1-459365976	S2-396948822,S3-333127832
S1-170348270	S3-190455446,S3-739890973
S1-976302608	S2-251253554,S2-698610221,S3-242389355,S3-634853467,S3-714118281
S1-883775116	
S1-67951250	S2-476484615,S2-732500049,S2-619278282,S3-312729247,S3-589353665,S3-959336408
S1-27610521	S2-479887288,S3-39693374
S1-668820810	
S1-56536956	S2-155433664,S3-208454848,S3-183738755,S3-115809609
S1-427285316	S2-841836920,S2-726926989,S2-287983871,S3-121743386,S3-65925804
S1-274508775	S2-527420375,S3-856463876,S3-872865976,S3-841354144,S3-529433179
S1-902000804	S2-99689965,S3-349576484,S3-245242488
S1-336158652	S2-163131103,S3-254050010,S3-113481665
S1-483088494	S2-448347949,S3-473652757
S1-480678958	S2-341215145,S2-896151376,S2-488294173,S3-68745414,S3-523806577
S1-82714362	S2-193975742,S2-505977927,S2-182921225,S3-220608549,S3-473982393,S3-288695441,S3-469905314
S1-174467251	S2-69963179,S2-849184412,S2-348535584,S3-871816636,S3-999468596,S3-377818059,S3-795490373,S3-774634573
S1-206502637	S2-910011119,S2-120143915,S2-545926821,S3-777527443,S3-614231051
S1-774749163	S2-161712700,S3-849883906,S3-575126205,S3-755314852,S3-938986850
S1-182502875	S2-756081498,S3-906765108,S3-740528227
S1-980215837	S3-835272375,S3-529236726,S3-378570516
S1-597042110	S2-407940608,S2-640739841,S2-29356011,S3-893136853,S3-761284829,S3-565882341
S1-49755442	
S1-385884447	S2-819527873,S2-917681241,S2-993464369,S3-441390545,S3-72854701
S1-260875297	S3-89109996,S3-624938874,S3-979370719
S1-997997632	S2-75055383,S3-832221256,S3-30239779,S3-883884973
S1-327516008	S2-117865682,S2-947114032,S3-756194130,S3-527873343
S1-528122468	S2-224088429,S2-12088101,S2-93022415,S3-676880904
S1-649372371	S2-523099184,S2-262505369,S3-824578314,S3-237625892,S3-826063657,S3-34177198
S1-69026083	S2-243070009,S2-433685133,S3-691986898,S3-622619607,S3-623100510
S1-537978025	S2-850995478,S2-585157169,S2-38925988,S2-804243648,S3-486791835,S3-467255906,S3-531319922
S1-39974132	S2-523348205,S2-276359151,S2-692790457,S2-563228551,S3-175641417
S1-378176090	S2-999985782,S2-949574461,S3-323107027,S3-294339097,S3-401242183
S1-85870193	S2-810801377,S3-123392019
S1-293783230	S2-588528750,S2-470098433,S3-44754726,S3-736576003,S3-636928586
S1-441057333	S2-890554424,S2-261773016,S3-323918342,S3-695447070
S1-398156092	S2-478505652
S1-712808534	S2-832950107,S2-750303759,S2-150023974,S3-52611230,S3-193154896,S3-361621844,S3-744254494
S1-809923588	S2-428984920,S2-503934834,S2-42307977,S2-637899039,S2-747412793,S3-651046201
S1-907925633	S2-186341826,S2-541681669,S3-874278793,S3-975273360
S1-681116226	S2-859709833,S3-610601132
S1-621693012	S2-451034723,S3-445434267,S3-229036054
S1-339889874	S2-712980187,S3-493233101
S1-660051846	S2-277554911,S2-112991275,S2-728012027,S3-232962813,S3-961810727,S3-109909923
S1-727521491	S2-453532308,S2-28568808,S3-503939921
S1-351458450	S2-392309215,S3-694364509,S3-663187267
S1-551590476	S3-336844477
S1-317106351	S2-534578883,S2-512060073,S3-621907707
S1-704841266	S2-339092107,S2-553691470,S3-36153692,S3-48661737,S3-830390161
S1-226928249	S3-464053058,S3-627438690
S1-246043473	S2-367534965,S3-281861411
S1-721419743	
S1-708971705	S3-546981039,S3-534078395
S1-268343305	S2-745261737,S2-949521450,S3-26020664
S1-219817042	
S1-260440405	S2-450121605,S2-703961435
S1-708652258	S2-445440765,S2-350199035,S2-868974418,S3-401413870
S1-382841899	S2-619361919,S2-560898838,S3-890043885
S1-178438393	S2-764256516
S1-88174520	S3-522418957,S3-434887136
S1-802693565	S2-588441186,S2-926027963,S2-911748058,S3-571809090,S3-697175147
S1-524673939	S2-330605843,S2-887058655,S3-922643901,S3-322529707,S3-906282258
S1-865132511	S2-536455889,S2-844674762,S2-585315252,S3-229180252,S3-808815184,S3-482492626
S1-289814696	S2-862769763,S3-412506499,S3-57512792,S3-537673416
S1-36705144	S2-611532127,S3-595813194,S3-618254143
S1-376620147	S2-165545292,S2-602417491,S2-341906880,S2-638522850
S1-573008876	S3-602804271,S3-507778107,S3-109749026
S1-670643666	S3-406514161
S1-582385973	S3-317962224
S1-71043683	S2-279601320,S3-842021003,S3-436171913
S1-737783959	S3-630108597
S1-145798710	S2-148163455,S3-811479917,S3-380669674,S3-269035167
S1-824394006	S2-599053594,S2-779815018,S3-188884852
S1-417926500	S3-251485188,S3-188214228
S1-241987063	S2-599027235,S3-784910405,S3-938678371,S3-23882632
S1-887192122	S2-733915664,S2-683210542,S2-649287804,S2-511169185,S3-929558516,S3-796050399
S1-828605400	S2-333311825,S2-24935249,S2-797669099,S2-56980737,S3-361769438,S3-669480859
S1-190843086	S2-902007908,S2-44897800,S2-776726864,S2-581541435,S3-688043406
S1-585951458	S2-993188312,S2-298057414,S3-763041847,S3-957533639,S3-652932064
S1-344665822	S2-281359839
S1-593421955	S2-961997629,S2-39733545,S3-220724025,S3-620253281,S3-125439395
S1-566454897	S2-25391884,S2-981115554,S3-829738034
S1-235684588	S2-182694255,S2-445405217,S3-356161253,S3-293749886
S1-11865147	S3-516080778,S3-330963121
S1-642709221	
S1-446844125	S2-513239124,S3-14624818,S3-551459022
S1-393120433	S2-763519087,S3-550543591
S1-361005848	S2-974311346,S2-253102758,S2-183510079,S2-619230276,S3-400873926
S1-896626034	S2-792618255,S3-486164588,S3-962401082
S1-662517901	S2-509549889,S3-868053569,S3-931997183,S3-243305473
S1-69516363	S2-295106478
S1-711268589	S2-625305755,S2-470966097
S1-458934119	S3-961334133,S3-790248546,S3-155679160
S1-605833617	S2-241694020,S2-21167832,S2-976352042,S2-922259036,S2-412510740,S3-702687901,S3-79832407,S3-392612845
S1-379796343	S2-469908698,S2-499031049,S2-79506854,S3-79506398,S3-846331766,S3-350942695
S1-440039154	S2-405151427,S2-911444982
S1-925379729	S2-797475871,S2-743458380,S3-741572722
S1-787791123	S2-154247747,S3-728339635,S3-899656924,S3-585386603
S1-762932201	S2-784950621,S2-157711658,S2-248228588,S3-957376759,S3-227482697,S3-50015588,S3-855766613,S3-341055710
S1-964226683	S3-436531308,S3-288065762
S1-437352705	S2-558378940,S3-718481215
S1-374765600	S3-2290069,S3-608448480
S1-586245621	S2-788926085,S2-204735739,S2-262013281,S2-767754340,S2-39427509,S3-967858324,S3-729060291
S1-188919955	S2-37652735,S3-127253856,S3-99425606
S1-678915835	S2-412197058,S3-681104199
S1-320769996	S2-594106286,S2-327316792,S3-877566376,S3-258712883
S1-672760701	S2-249831156,S2-583934877,S3-194135535
S1-60400943	S2-923432546
S1-375576084	S2-116035994,S2-637141130,S2-598119309,S3-262042308,S3-671469473,S3-828450390
S1-406589576	S2-421768880,S3-829545913,S3-908068100
S1-992325825	S2-808984273,S2-164150019
S1-502077539	
S1-300395496	S2-957644790,S3-411091038,S3-747397152,S3-820771911
S1-22131575	S2-651932954,S2-175518337,S3-75569683,S3-272331372
S1-856849042	S2-56217,S3-104829104,S3-232838196
S1-553833283	S2-440737968,S2-511394346,S3-846089029,S3-635678067,S3-413597867,S3-272773774
S1-462903418	S2-109413349,S2-242029664,S3-991389727,S3-253403422
S1-675821005	S2-821132526,S3-267670944
S1-382284080	S2-40581969,S3-691994479,S3-202705630
S1-491326243	S2-894491562,S2-891188527,S3-394276246,S3-561208385,S3-839358901
S1-557084750	S3-568456556
S1-205207034	S2-400180614,S2-978636966,S3-46898056,S3-505740428
S1-614658263	S2-680015574,S2-594751008,S2-631842354,S2-867604019,S3-497450328,S3-551894654,S3-254910590
S1-276214128	S2-158650178,S3-450248887,S3-386530479,S3-132748039
S1-393296984	S2-701524280,S3-547954805,S3-650637856,S3-830622436
S1-837878496	S3-390833175
S1-320095989	S2-386932388,S2-542119556,S2-973243432,S2-952236718,S3-977194382,S3-337413732
S1-766974441	S2-880052063
S1-242225778	S2-794218307,S2-848527000,S3-645271299,S3-79279142
S1-985278774	S2-740334437,S2-194156555,S2-333100088,S3-892689374,S3-597464304
S1-252557079	S2-419259613,S2-677619021
S1-745156045	S2-162531816,S3-421192077
S1-158738246	S2-519129131,S2-71692578,S3-168336148
S1-992651338	S2-987155618,S2-960165179,S2-468440660,S2-665609259,S2-847014734,S3-847439253
S1-954686152	S3-730557028,S3-811062055
S1-708861706	S2-417167881,S2-677993185,S2-968522445,S3-566281227
S1-995124333	S2-599089591,S2-838977694,S3-116139054,S3-250959485
S1-4143446	S2-249045743,S2-272857712,S2-449830471,S2-719782658,S3-209626472,S3-126326022,S3-427854639
S1-304390114	S2-333838357,S2-739646282,S2-627924694,S3-950887192,S3-191910336
S1-243492346	
S1-655908227	S2-270205138,S2-652363304
S1-192984	S2-750846395,S2-641540914,S2-218554078,S3-673257858,S3-792447003
S1-536176896	S2-88503787,S3-807128407
S1-914708175	S2-796564934,S3-818259858,S3-615482553
S1-973350462	S2-801213822,S2-739055956
S1-33929475	S2-26184476,S2-727176299,S2-277549616,S3-131248610
S1-831649239	S2-958028914,S2-153372494,S2-627879644,S3-532762077
S1-783152393	
S1-938258941	S3-769411806
S1-476767163	S2-959580067,S3-728813822,S3-555963514,S3-318458600
S1-52561398	S2-164118734,S2-237652460,S3-284213058,S3-635596868,S3-322930798,S3-129509726
S1-703850262	S2-66583588,S3-458048677
S1-612029716	S3-108579013,S3-897489276
S1-219817439	S2-925140032,S2-559054794,S2-406745137,S2-48067306,S2-629232539,S3-566556822,S3-887939250,S3-284899525,S3-809913139,S3-507660631
S1-822609622	S2-959815425,S2-164101885,S2-237178967,S2-343827365,S3-167878066,S3-190945958,S3-319016350,S3-932515370
S1-1101456	S2-612485475,S2-225591078,S3-183491247,S3-481166661
S1-188159349	S2-731598337,S2-569101813,S3-817728715
S1-8508444	S3-660908549,S3-40471545
S1-699721226	S2-747355704,S2-313881795,S2-723865911,S3-250419605,S3-13229061
S1-98773016	S2-297602717,S3-620654824,S3-829311825,S3-846670515,S3-283747402
S1-464076918	S2-193898649,S2-992246102,S3-224513839,S3-555328940,S3-576975570,S3-632933096,S3-785605429
S1-29383021	S2-177434808,S3-150496756,S3-999021289,S3-693764934
S1-544999938	S2-505130608,S2-477421415,S3-998979548,S3-18968934,S3-759254729
S1-298625846	S2-655614200,S3-302548563
S1-325879545	S2-68087073,S2-763242967,S2-571077653,S3-634595568
S1-306580773	S2-329070797,S2-225480054
S1-795981518	S2-707326166,S2-51165204,S2-806762412,S3-605239225,S3-933178939
S1-750087535	S2-159951616,S3-154919439,S3-602021471,S3-941339937,S3-694863653,S3-962507604
S1-326096576	S3-309634443,S3-44438427
S1-479052676	S2-972732481,S2-655620366,S3-893335675
S1-102509328	S2-998584774,S2-891864283,S3-829682073,S3-983217185,S3-519472416
S1-73700971	S2-360126981,S2-332898495
S1-330428857	S2-33325422,S2-290205843,S2-917657091
S1-762149211	S2-323369284,S3-3958365,S3-483646595
S1-555775937	S2-485467092,S2-382683426,S3-329550375,S3-884798967,S3-712341435
S1-638671172	S2-526508939,S2-279748047,S3-322190973
S1-499266884	S2-966018678,S2-779151540,S3-64285373
S1-260612252	S3-675161025,S3-694452523,S3-150116009,S3-644747261
S1-674270346	S2-787847360,S3-900268046,S3-891081275,S3-917560811,S3-737779405
S1-159314474	S2-940971323
S1-264458723	S2-61658366,S2-303316224,S2-842684263,S3-997208936,S3-877982352
S1-623010888	S2-859337413,S2-377092409,S3-69682239,S3-552808224,S3-360244016
S1-566265453	S2-550608743,S3-87472261
S1-822115440	S2-814387401,S2-657953194,S3-86178669,S3-523066305
S1-263184862	S3-201361618,S3-305265851,S3-537864993
S1-735247657	S3-448997841
S1-894359148	S3-606144528
S1-750675408	S2-192023701,S2-233266276,S2-836276892,S3-388573026,S3-676364382
S1-449171849	S2-535585895,S2-80471182,S3-129922629,S3-325854134
S1-545237886	S2-245915195,S2-334658467,S2-229560582,S3-925249759,S3-295408647,S3-422360286,S3-813075102,S3-479026430
S1-836363245	S2-451169922,S3-829751601
S1-425858660	S3-973103061,S3-596056241
S1-150111624	S2-694729913,S2-163716017,S3-584549626,S3-997505178,S3-251510274,S3-234979543
S1-186556282	S3-194691412,S3-321494440
S1-879321389	S2-933154493,S3-100861744
S1-574155133	S2-758965267,S3-907429874,S3-225800948
S1-384498663	S2-243325983,S2-288918437,S3-64961525
S1-927882225	S3-905702205
S1-467214528	S2-436423801,S2-996420970,S3-896674399,S3-75925310,S3-277326797
S1-872193644	S2-979278235,S3-996073952
S1-558484785	S2-873916127
S1-172611884	S2-626114677,S2-999130406,S2-724576444,S3-575704539
S1-635140919	S2-946266133,S3-656653476
S1-671463259	S2-54547457
S1-754982371	S2-669039284,S2-269375451,S3-67026351
S1-260837575	S2-85891637,S3-691327074,S3-632981198,S3-395541342
S1-920446249	S2-539236008,S3-222572510
S1-409479725	S2-262101194,S3-407365650
S1-467361937	S2-296215188,S2-262581610,S2-856338749,S2-281469409,S3-559831386
S1-388565911	S2-903766461,S3-354695154,S3-673874976
S1-501093053	S3-407446870,S3-983640918,S3-152510752
S1-569350164	S2-898820408,S3-884191581,S3-273631217,S3-268267267
S1-618348640	S2-356454878,S2-641556834,S3-555294331
S1-458130772	S2-326911068,S2-654696050,S3-544784129,S3-401496538,S3-166735532
S1-498566339	S2-86546504,S3-322074713,S3-573672296
S1-268669067	S2-637862547,S2-667099012,S2-725823777,S2-415077801
S1-499676345	S2-84649707,S3-950069073,S3-483145898,S3-240930517,S3-322351719
S1-38217705	S2-997460584,S2-528955494,S2-816407730,S3-640079084,S3-954392990
S1-843560729	S2-410378231,S2-887731857,S3-773381995
S1-119853718	S2-607118960,S2-673367043,S2-185563193,S3-656216702,S3-732334484,S3-516942455,S3-95927336
S1-852513892	S3-382046259
S1-765730633	S2-76591693,S2-996113827,S2-704590827
S1-518019591	S2-434608730,S2-385434543,S3-388038862,S3-686968140,S3-833433675
S1-242205089	S2-596358788,S3-473134451
S1-993229582	S3-524176867,S3-787598565
S1-756828693	S2-981854688,S3-259554320,S3-664930706,S3-981837549,S3-736207018
S1-216380214	S2-112634549,S3-675873340,S3-294014394
S1-531818420	S2-21997117,S2-491803584,S2-986544430,S3-809485327,S3-856563637,S3-579802015,S3-724407064,S3-979290252,S3-808785726
S1-601486176	
S1-519190170	S2-182696663,S2-986210833,S3-724620449,S3-194077484
S1-156692471	
S1-882513972	S2-455978035,S2-713072821,S2-261614510,S3-954475937,S3-173742386
S1-593199514	
S1-406660914	S2-581017106,S3-708335457,S3-309258539
S1-572338294	S3-767212977
S1-865199232	S2-468507772,S3-394611619,S3-856399903,S3-696371621
S1-529684905	S2-744346140,S2-671604562,S3-95015773,S3-728782653,S3-687169535
S1-328997311	S2-445351314,S2-595875583,S2-900412413,S2-62591807,S3-903117309,S3-534420095
S1-561093798	S3-332595717
S1-643243730	S2-813728741,S3-542691363,S3-287418488
S1-6049393	S2-324091001,S2-8851443,S2-314212426,S3-56132579
S1-857527510	S2-232598983,S2-956651247,S2-662061104,S2-429908975
S1-493183640	S2-33955090,S3-964475955,S3-964761707,S3-666395247
S1-830159632	S2-605964060,S2-53931810,S2-846152185,S3-438419239,S3-575423218
S1-950274970	S3-38361875
S1-507847705	S2-216519806,S3-692240994,S3-550905636
S1-133539404	S2-511584983,S2-425310013,S2-701519664,S2-127698267,S3-94081555
S1-546310278	S2-814336740,S3-391275956,S3-728146604,S3-92679385,S3-151470709
S1-924818276	S2-988459909,S2-948363422
S1-898937545	S2-478698424,S2-790780149,S2-259414201,S3-871084300
S1-573340150	S2-551693461,S3-64466036,S3-383729387
S1-815790585	S2-720971106,S2-46535593,S3-137571109
S1-25959355	
S1-914496453	S2-732176871,S3-668449166,S3-125545283,S3-941309250,S3-42979283
S1-842850315	S2-371033555,S3-814603325
S1-139448568	S2-240528072,S3-961660724
S1-766094684	S2-950249971
S1-980756920	S2-874868971,S2-339708294,S2-425334788,S3-159813384,S3-103875123,S3-366844320,S3-329365261,S3-985946544
S1-26972220	
S1-95094448	S2-439617601,S2-113447612,S2-668902576,S3-290262728,S3-851736116
S1-203076519	S3-747130104
S1-861696239	S2-335229724,S2-969975991,S3-163907475,S3-548574377,S3-269224756,S3-551102490
S1-108514721	S2-331615875,S2-266580745,S2-737338265,S3-694066978,S3-116672874,S3-103334437,S3-852406482
S1-141216441	S2-748155927,S2-921511719,S2-804544574,S3-757516597,S3-755702381,S3-992019660
S1-382089726	S2-245751297,S2-771344109,S3-999683885,S3-593707017,S3-165191798
S1-98839828	S2-278217985,S3-556441508,S3-637889312
S1-390633817	S2-864050926,S3-173184282
S1-772104779	S2-416001088,S3-483452427,S3-595988225,S3-183252884
S1-208575212	S2-565701542,S3-211102667,S3-573832089
S1-171028367	S3-735023769
S1-470322770	S2-217567144,S3-582989195
S1-279406968	S2-554842813,S2-866485827,S2-743574966,S3-492857284
S1-908010474	S2-910641159,S3-836812416,S3-836271937,S3-458030928
S1-350976457	S2-945977090,S3-577813438,S3-954844274,S3-785557515
S1-957847859	S2-406487220,S3-268461169
S1-893092262	S2-917484179,S3-613677212,S3-259137403
S1-348573367	S2-202454392,S2-936570299,S2-186451757,S3-97790276,S3-130012381
S1-207800307	S2-131102205,S3-154550538
S1-657275121	S2-174382102,S2-936307468,S3-565581217,S3-997877358
S1-677209593	S2-46068621,S2-938285026,S3-350195531,S3-574132806,S3-162096611,S3-240059724,S3-126700725
S1-220454123	S2-164859170,S3-234059467,S3-334405810,S3-142740796
S1-961914104	S3-725853936
S1-497049386	S2-652759537,S2-357296169,S3-441865377,S3-902915127,S3-107977847
S1-914163473	S2-371979487,S3-40397573,S3-420849796
S1-942131199	S2-203840953,S3-705036460
S1-564765699	S3-585620291
S1-337620117	S2-970810846,S3-673053949,S3-107176864
S1-557030875	S2-548975161,S2-238128705,S3-97994565,S3-803000271
S1-909745869	S2-164830528,S2-376304274,S3-922074037,S3-968185535
S1-292757389	S2-775013392,S2-970242460,S3-770875932
S1-258855579	S2-903205973,S2-202655610,S3-174450993,S3-678193146
S1-902804675	S2-647745370,S3-219683077
S1-568956292	S2-230051752,S2-807109659,S3-956381449
S1-878141277	S2-444679240,S2-489248643,S2-834945806,S3-40426386,S3-557678911,S3-174301606
S1-784514996	S2-633558482,S2-771286585,S3-779079258,S3-751372665
S1-689580189	S2-112090550
S1-908175143	S2-674777807,S2-469335521,S3-782660589,S3-210370135
S1-428668184	S2-812963543,S3-884125274,S3-484594821,S3-634398567
S1-957112804	S2-163468198,S2-10768116,S2-825325261,S3-126992561
S1-245967620	S2-198300839,S3-577893584,S3-999522314,S3-430732784
S1-211274215	S2-45680143,S2-35810032,S3-47086551
S1-820416856	S2-398045939,S3-740230797,S3-769785583
S1-893657089	S2-279727643,S3-121757176,S3-984045712
S1-53338151	S2-398321569,S3-92069066,S3-166038860,S3-25844596
S1-853521614	S2-348400966,S2-478268981,S3-30510368
S1-494063096	S2-452444778,S3-935579763
S1-497812883	S2-18534171,S2-412056497,S3-560440423
S1-248679754	S2-216405597,S3-350462307,S3-978672684
S1-584568510	S2-155143896,S2-116283266,S3-637027990,S3-655537920
S1-180506407	S2-642117135,S2-306665143,S3-507183552,S3-858500284,S3-132653209,S3-104203148
S1-492494206	
S1-759109531	S2-325840194,S2-211126534
S1-437925959	S2-3161222,S2-828572113,S2-312967832,S3-195836034,S3-875075905,S3-526617534
S1-144635306	S2-720993412,S2-940753723,S3-588185463
S1-865799397	S3-751926473,S3-927760588
S1-136750675	S2-710775246,S2-271505387,S3-505798134
S1-647189784	S2-825106372
S1-108279137	S2-504014580,S2-961938878,S2-837431105,S2-636096819,S3-812672955
S1-327910401	S2-912155577,S3-270675976,S3-830185079
S1-47692913	S2-185199105,S2-437612061,S3-231428464,S3-291597963
S1-83831401	S2-280409826,S2-515882635
S1-434169097	S2-96779643,S2-59535036,S3-455538020,S3-992473062
S1-155796489	
S1-349094421	S2-248110387,S2-238749218,S2-223353636,S3-167861665,S3-911697915,S3-216871694,S3-453806806
S1-822492976	S2-584397992,S3-334762894,S3-631186728,S3-697077151
S1-905148640	S2-543245278,S2-785990143,S3-215364734
S1-370470963	S2-541615017,S3-154599656,S3-386501349,S3-973405088,S3-721047925
S1-183383764	S2-665168463,S3-135649944
S1-327298339	S2-71359043,S3-316668091
S1-707183377	S2-552941032,S2-737490155,S3-839476290
S1-517875342	S2-112673263,S2-947037703,S2-140343470,S3-936733056
S1-161757192	S2-825407541,S2-584378457,S3-521798829,S3-897353669,S3-949863212,S3-305940811
S1-702935256	S2-585541447,S2-30956493,S3-568508793,S3-950324803,S3-809347204
S1-58762131	S2-608410411,S2-909989155,S2-496955092,S2-503335596,S3-45950771,S3-265967848,S3-251873961,S3-149153589
S1-573169622	S2-464094133,S2-816851255,S2-605916298,S3-681268098
S1-763566761	S2-70246564,S2-128608851,S2-516866959,S3-664612732,S3-862034526
S1-87074407	S2-201971335,S3-317843636,S3-858458140
S1-815446134	S2-172812203,S2-301668192
S1-161337014	S2-176717693,S3-274217546
S1-447356392	S2-715311633,S3-49630958,S3-31506886
S1-557406911	S2-170721940,S2-103961868,S2-747293920,S3-495369327
S1-624358506	S2-217177532,S2-405118900,S3-784719828,S3-794375545
S1-608419003	S2-607065578
S1-82704580	S3-274183436
S1-881053119	S2-392329012,S2-972475953,S3-736053386
S1-344943699	S2-501526697,S2-16244251,S3-161662897
S1-688299992	S2-534051549,S2-871908342,S2-338246268,S3-85471988
S1-515416404	S2-862838626,S3-812769741
S1-37484772	S2-799631250,S2-215928696,S2-620367837,S2-730949753,S3-76498358
S1-990853535	
S1-383689907	S2-707104582,S2-905457782,S3-94655398
S1-646257562	S2-246492020,S2-244504602,S2-654537778,S2-426600947,S3-279137984
S1-680984212	S2-30671541,S2-574057155,S3-500607141
S1-351698413	S2-673053850
S1-485690667	S2-944428269,S2-348283557,S3-564992963
S1-201542326	S2-201823473,S2-975217193,S2-335398986,S3-367617973
S1-743586817	S3-224678370
S1-245285153	S2-832893219,S2-75559668,S3-485906182,S3-740457928
S1-147202439	S2-955326085,S2-36034772,S2-839727426,S3-654338127,S3-593793566
S1-279746244	S2-247353391,S2-476698567,S3-481610159,S3-104267127,S3-493135220
S1-820703801	S2-856753651,S3-609907650,S3-908923502,S3-695141373
S1-924840109	S2-602683603,S2-586667606,S3-296936827,S3-496953384
S1-648244328	S2-160503890,S3-192961678,S3-240835911
S1-37187771	S2-99812197
S1-756257682	S2-909937298,S2-463704128,S2-659795245,S3-326093799,S3-57266173
S1-905586497	S2-31910855,S2-114018492,S3-585052535,S3-388013370
S1-182826941	S2-565297803,S2-288452551,S2-412601653,S3-878907631,S3-399602689
S1-430338474	S2-282268111,S3-763848770
S1-416820677	S2-43629853,S2-519337886,S3-123249148,S3-887415899
S1-283685349	S3-939348324,S3-844682567
S1-138396411	
S1-162551304	S2-326241150,S2-98387783,S2-588354571,S2-268848536,S3-258396036,S3-830831454,S3-945316392
S1-704197706	S2-708160853,S2-131694464,S3-63704682
S1-949184360	S2-459138712,S2-846258004
S1-992932461	S2-978379995,S2-493600029,S2-795187268,S3-752490634,S3-318693170,S3-589716038,S3-507905291
S1-199692780	S2-332568732,S2-395907958,S2-413103373,S2-596047549
S1-910462832	
S1-334125164	S2-197373546,S2-282270846,S3-634073375
S1-55675855	S2-657234071,S3-279649945,S3-459432007,S3-768246495
S1-655539970	S2-471620040,S2-897467308,S2-283239874,S3-450860013
S1-767058419	S2-666805990,S3-685397353,S3-550663087
S1-972329925	S3-970732016
S1-270542494	S2-186005624,S2-666524793,S3-428322210
S1-199987039	S2-239020011
S1-384861092	S2-563131998,S3-465222973
S1-861621963	S2-924918455,S2-112997237,S3-190384804,S3-540054728
S1-815997621	S2-511445852,S2-1963327,S2-821359315,S3-217452759,S3-542235540,S3-195982981,S3-697118389
S1-158892744	S2-934263286,S2-784789405,S3-982625051
S1-884862158	S2-644750572,S3-396598798
S1-780637204	S2-10733476,S2-188070098,S2-160733554,S2-360410814,S3-650899478,S3-225279796,S3-87837172
S1-444062227	S2-449180556
S1-111380193	S2-602082,S3-707139837,S3-805988650,S3-940861945
S1-494770466	S2-336760760,S3-205482126,S3-327994342
S1-693770981	S3-931337331
S1-301030368	S2-899805521,S2-332913549,S3-407449120
S1-119170868	S2-142340079,S2-536634440,S2-819682745,S3-499230454,S3-295993,S3-51772581,S3-219027765
S1-365475533	S2-191493646,S2-2627685
S1-419929302	S2-91310921,S2-109359523,S3-791208275
S1-995378838	S3-527305270,S3-262270432
S1-529656399	S3-90497274
S1-192673878	S2-130040851,S2-264236318,S2-295344094,S3-165124152
S1-8764161	S2-797986879,S3-168437867,S3-112335607
S1-977364599	S2-445509898,S2-763630943,S3-791474965
S1-508815823	S2-275993556,S2-326183664,S3-766917644
S1-118337101	S2-345431890,S3-126814460,S3-969337875
S1-220247232	S2-124631750,S2-694873157,S3-663466169,S3-960449755,S3-5158584
S1-17339381	S2-367060642,S2-563877267,S3-894856546,S3-974717877
S1-338410901	S2-929683736,S2-568610701,S2-876328951,S2-613682162,S2-239740481,S3-53207309,S3-245875268
S1-137374858	S2-568752842,S2-688502657,S2-725938506,S3-390243176,S3-858905789
S1-497155472	S2-545600482,S3-128507293
S1-278478027	S2-661524117,S3-211144714,S3-324918634
S1-971983143	S2-577207103,S2-353273164,S2-467781973,S3-545870265,S3-62853599,S3-752898207,S3-54723686
S1-979964887	S2-294754937,S2-965625654,S2-246409431,S3-89063740
S1-616763550	S2-93525499,S2-602659929,S3-157704910,S3-202297665
S1-313219985	S2-91120227,S2-641338923,S3-809420341,S3-723378120
S1-787255287	S2-895028119,S3-633511997,S3-181492761,S3-892581464
S1-647658706	S2-48559863,S2-599426049,S3-896226781,S3-827702413,S3-221271816,S3-968834705,S3-879333471
S1-396779207	S2-613358318
S1-81314470	S2-859131481,S3-430859227,S3-50893339
S1-705603372	S2-838891807,S3-579339074
S1-505231899	S2-298058911,S3-900377191,S3-477067207
S1-796914922	S2-417697806,S2-671732896,S3-626377428,S3-229409963
S1-121670485	S2-816373531,S2-213899190,S2-208130616,S3-327028578,S3-156659133
S1-854954412	S2-175094299,S2-131039102,S2-975329786,S2-700197428,S3-311354247
S1-321877886	S3-937341255
S1-316626845	S2-543153660,S2-372034060,S2-741364910,S3-682894028,S3-548530377
S1-498987567	S2-626402070,S3-943960290,S3-681266414
S1-283478795	S2-996954098,S2-985274361,S3-81893120,S3-909868355
S1-771130174	S2-288226044,S2-97357534,S2-655035294,S3-306067229
S1-384050302	S2-878377533
S1-980227505	S3-958839159,S3-554871737,S3-359462035
S1-803035322	
S1-804534185	S2-204992475,S2-183100206,S3-89613638
S1-229627467	S3-545500470,S3-507984439,S3-372271799
S1-708969346	S2-984082980,S2-169851470,S3-357962131,S3-652921488,S3-371115244
S1-662114745	S2-629671706,S3-954505236,S3-114582679,S3-881748996
S1-403395550	S2-735605107,S3-451215478
S1-672445783	
S1-902701804	S2-213458644,S3-580993157,S3-364433527
S1-80486558	S2-652435731,S2-426662039,S3-858728004,S3-497728276
S1-797699772	S2-409582462,S3-117640554,S3-484016656,S3-313550081
S1-319364566	
S1-136512898	S3-198862931
S1-353799923	S2-236491699,S2-616510964,S3-359731247
S1-611186651	S2-483758970,S3-815609138,S3-386352440,S3-786889253
S1-279446806	S2-245130406,S2-421170442,S3-532411279
S1-600793393	S2-796907541,S2-292281053,S2-953142680,S3-842800456,S3-361309277,S3-851851965
S1-916245688	S2-418972140,S2-856217813,S3-267116828,S3-912337728,S3-535120507
S1-43296348	S2-390485683,S2-877581518,S3-737354040
S1-98876495	S2-662607413,S3-924952907
S1-750743297	S2-549423807,S2-172344260,S2-995203355,S3-16723850
S1-144680242	S2-429147242,S2-181370672,S2-901341720,S3-798914623
S1-469177694	S2-963068264,S2-13854658,S3-673641166,S3-319741604
S1-292703509	S2-345797959
S1-231565842	S2-941591253,S2-856021020,S3-958729107
S1-387278254	S2-504942147,S3-364801892,S3-525939924
S1-341837466	S2-724819316,S2-716108281,S3-907489267,S3-157914013
S1-618573412	S3-764240204,S3-180912296
S1-54420205	S2-366682513,S3-361147505,S3-998854084
S1-951183430	S2-767052310,S3-383660533
S1-888448634	S2-522581105,S2-587616558,S3-37967847
S1-212032173	S2-675551039,S3-429449792,S3-171903094
S1-289329870	S2-932465374,S2-960420352,S2-222052362,S3-159328564,S3-758976962,S3-193980771
S1-817429923	S2-263957858,S3-836480012,S3-347138803
S1-926668259	S2-660128460,S3-32982209
S1-397140255	S2-74421146,S3-679014244
S1-61706229	S2-537398416,S2-469023879,S3-326773380,S3-143373779,S3-559185126,S3-187432045
S1-873254460	S2-548690186,S2-808299671,S3-328610782,S3-178258141,S3-313026508
S1-857609938	S2-975967765,S2-940823418,S2-503048093,S3-766165660,S3-964500475,S3-650333538,S3-583362378
S1-94288639	S2-255727999,S2-849383625,S3-951878171,S3-400271738
S1-601973042	S2-772410494,S2-661985655,S3-353208924,S3-927307132
S1-848129893	S2-549636035,S2-296161328,S3-19746074,S3-183738130
S1-510619005	S2-446543737,S2-300407745,S2-837710403,S2-866573882,S3-543707144
S1-205556070	S2-629679345,S2-20663346,S2-244015344,S3-672470239,S3-12995531,S3-923331765
S1-139961428	S3-833665578,S3-476150948,S3-136214102
S1-639624187	S2-110094757,S2-445984300,S3-576661016
S1-999770008	S2-736926943,S3-532991011,S3-234204078,S3-104234799
S1-843554261	S2-756646063,S3-530761959,S3-895870679,S3-755704601,S3-135160412
S1-510394669	
S1-94643371	S2-456178413,S2-890142461,S2-893605659,S3-345226584
S1-207369509	S2-922422447,S3-780836909,S3-327998388,S3-198682902
S1-913359617	S2-258463970,S2-426795965,S2-34838439,S2-984771222,S3-255203727
S1-295699995	S2-468055761,S3-914702052,S3-735089102,S3-411258655,S3-754891140
S1-116714704	S2-808954664,S2-753382041,S3-66195363,S3-544171002,S3-477582197
S1-594835605	S2-557957434,S3-826127971
S1-967010440	S2-881725903,S2-41391325,S2-19082250,S2-253049109,S2-537430059,S3-481051448,S3-858517387,S3-349253462,S3-841181889
S1-631359163	S2-316046124,S2-130330166,S2-274821171,S2-66587854,S2-288639639,S3-403579035,S3-989457755,S3-624143860,S3-770722576
S1-432456861	S2-250097489,S2-742723636,S3-320008557
S1-729795953	S2-447022620,S2-701062819,S3-557205815
S1-275807127	S2-720822010,S2-328879576,S2-258770660,S3-787387424,S3-31999224
S1-744693247	S2-388772081,S2-975487351,S2-545114359,S2-63599360,S3-371782639,S3-64635028
S1-272679307	S2-733522878,S2-922496562,S2-768186162,S3-34821,S3-53464144
S1-54741905	S2-478930931,S3-942216319,S3-347803253,S3-925720153,S3-666127098,S3-779716083
S1-402312204	S2-754352056,S2-675062745,S2-682634418,S2-488399663,S3-59295483
S1-239040445	S2-586283469,S2-716443882,S3-21874843,S3-166690780
S1-586617412	S2-554028445,S3-461463392,S3-818131579
S1-48042398	S2-178941631,S3-399448528,S3-213339651
S1-169519226	S2-742419876,S2-190022699,S3-591625619,S3-40847707,S3-981278469,S3-436672189
S1-840284923	S2-736364443,S2-793108391,S3-656656797
S1-422578216	S2-60067533,S3-985170616,S3-859706782
S1-621326937	S2-884387453,S2-531122037,S3-902648284,S3-370106481,S3-360487505
S1-689012189	S2-295351390,S2-784795250,S3-698580445,S3-699677390
S1-35628781	S2-305165406,S2-709254079
S1-660662666	S2-279978505,S2-301473352,S2-396729284,S2-76923811,S3-624188694
S1-892440031	S2-490343072,S2-996541527,S2-897940733,S3-405112801
S1-100559941	S2-971677605,S2-672166869,S2-161510509,S3-116000947,S3-146022056
S1-625671392	S3-766050102
S1-590899209	S3-642378397
S1-254109927	S2-23416203,S2-936077695,S3-935674146,S3-809134928
S1-312195197	S3-586603224
S1-672456867	S2-782287075
S1-280897772	S2-820435979,S2-967859122,S3-401883556,S3-788428644
S1-853073688	S3-394565138
S1-349880030	S2-618393455,S3-46306615,S3-820712067
S1-913463340	S2-886451008,S3-917123375,S3-409966458
S1-319250263	S2-140953468,S2-975843402,S3-410088175,S3-26710903,S3-952680517,S3-19958976
S1-656836770	S2-259179166,S2-812222610
S1-708091996	S3-584357777,S3-612860397
S1-565584575	S2-395001271,S3-357306372
S1-561713507	S2-156874028,S2-479532863,S3-688354274
S1-236746325	S2-205667509,S2-885777807,S3-503914245
S1-545313647	S3-833294468,S3-535242284,S3-318120455,S3-617527516,S3-295197278
S1-107934072	
S1-515533815	S2-433438124,S3-285792669
S1-979938930	S2-262825998,S3-471205406,S3-145421813,S3-388401550
S1-433887168	S2-505098314,S2-251603668,S3-118586493
S1-578983822	S2-788602987,S3-82996142
S1-80571105	S2-647279206,S3-724556156
S1-185790201	S2-864570664,S2-718538080,S3-965275707,S3-999176063
S1-566540458	
S1-772112917	S2-314811313,S2-692786017,S3-855781975,S3-11688362
S1-653664553	S2-568740639,S2-675988938,S3-844838059,S3-177280312,S3-24344285,S3-601127297
S1-144964246	S2-946906223,S2-535935658,S3-898062774,S3-895708684
S1-932596570	S2-318706125,S3-30539756
S1-931643626	S2-805662274,S2-660980128,S2-823935089,S2-562440286,S3-779803411,S3-631328117
S1-940849754	S2-184083592,S3-984028776
S1-869626749	S2-911593432,S2-570715717,S3-438984705,S3-23853534
S1-613242703	S2-518071531,S2-423320640,S2-855832563,S3-294871755
S1-397861387	S2-794007726,S2-471712944,S2-716529863,S3-460605288,S3-470273843,S3-572226399
S1-485102954	S2-622526788,S3-350964184,S3-300070774
